2026-08-04 21:49:50,784 INFO o.a.j.u.JMeterUtils: Setting Locale to en_EN
2026-08-04 21:49:50,831 INFO o.a.j.JMeter: Loading user properties from: D:\apache-jmeter-5.6.3\bin\user.properties
2026-08-04 21:49:50,833 INFO o.a.j.JMeter: Loading system properties from: D:\apache-jmeter-5.6.3\bin\system.properties
2026-08-04 21:49:50,833 INFO o.a.j.JMeter: Setting JMeter property: ramp_time=90
2026-08-04 21:49:50,850 INFO o.a.j.JMeter: Copyright (c) 1998-2024 The Apache Software Foundation
2026-08-04 21:49:50,851 INFO o.a.j.JMeter: Version 5.6.3
2026-08-04 21:49:50,851 INFO o.a.j.JMeter: java.version=24.0.2
2026-08-04 21:49:50,851 INFO o.a.j.JMeter: java.vm.name=Java HotSpot(TM) 64-Bit Server VM
2026-08-04 21:49:50,851 INFO o.a.j.JMeter: os.name=Windows 11
2026-08-04 21:49:50,851 INFO o.a.j.JMeter: os.arch=amd64
2026-08-04 21:49:50,851 INFO o.a.j.JMeter: os.version=10.0
2026-08-04 21:49:50,851 INFO o.a.j.JMeter: file.encoding=UTF-8
2026-08-04 21:49:50,852 INFO o.a.j.JMeter: java.awt.headless=true
2026-08-04 21:49:50,852 INFO o.a.j.JMeter: Max memory     =1073741824
2026-08-04 21:49:50,852 INFO o.a.j.JMeter: Available Processors =8
2026-08-04 21:49:50,872 INFO o.a.j.JMeter: Default Locale=English (EN)
2026-08-04 21:49:50,873 INFO o.a.j.JMeter: JMeter  Locale=English (EN)
2026-08-04 21:49:50,873 INFO o.a.j.JMeter: JMeterHome=D:\apache-jmeter-5.6.3
2026-08-04 21:49:50,873 INFO o.a.j.JMeter: user.dir  =D:\Visipoint md files\Performance
2026-08-04 21:49:50,873 INFO o.a.j.JMeter: PWD       =D:\Visipoint md files\Performance
2026-08-04 21:49:50,874 INFO o.a.j.JMeter: IP: 192.168.1.39 Name: DESKTOP-3P49SV6 FullName: DESKTOP-3P49SV6
2026-08-04 21:49:50,894 INFO o.a.j.s.FileServer: Default base='D:\Visipoint md files\Performance'
2026-08-04 21:49:50,894 INFO o.a.j.s.FileServer: Set new base='D:\apache-jmeter-5.6.3\visipoint-project'
2026-08-04 21:49:51,218 INFO o.a.j.s.SaveService: Testplan (JMX) version: 2.2. Testlog (JTL) version: 2.2
2026-08-04 21:49:51,259 INFO o.a.j.s.SaveService: Using SaveService properties version 5.0
2026-08-04 21:49:51,262 INFO o.a.j.s.SaveService: Using SaveService properties file encoding UTF-8
2026-08-04 21:49:51,266 INFO o.a.j.s.SaveService: Loading file: D:\apache-jmeter-5.6.3\visipoint-project\visipoint-addvisit-load-test.jmx
2026-08-04 21:49:51,307 INFO o.a.j.p.h.c.CookieManager: Settings: Delete null: true Check: true Allow variable: true Save: false Prefix: COOKIE_
2026-08-04 21:49:51,338 INFO o.a.j.p.h.s.HTTPSamplerBase: Parser for text/html is org.apache.jmeter.protocol.http.parser.LagartoBasedHtmlParser
2026-08-04 21:49:51,338 INFO o.a.j.p.h.s.HTTPSamplerBase: Parser for application/xhtml+xml is org.apache.jmeter.protocol.http.parser.LagartoBasedHtmlParser
2026-08-04 21:49:51,338 INFO o.a.j.p.h.s.HTTPSamplerBase: Parser for application/xml is org.apache.jmeter.protocol.http.parser.LagartoBasedHtmlParser
2026-08-04 21:49:51,338 INFO o.a.j.p.h.s.HTTPSamplerBase: Parser for text/xml is org.apache.jmeter.protocol.http.parser.LagartoBasedHtmlParser
2026-08-04 21:49:51,338 INFO o.a.j.p.h.s.HTTPSamplerBase: Parser for text/vnd.wap.wml is org.apache.jmeter.protocol.http.parser.RegexpHTMLParser
2026-08-04 21:49:51,339 INFO o.a.j.p.h.s.HTTPSamplerBase: Parser for text/css is org.apache.jmeter.protocol.http.parser.CssParser
2026-08-04 21:49:51,366 INFO o.a.j.JMeter: Creating summariser <summary>
2026-08-04 21:49:51,391 INFO o.a.j.e.StandardJMeterEngine: Running the test!
2026-08-04 21:49:51,391 INFO o.a.j.s.SampleEvent: List of sample_variables: []
2026-08-04 21:49:51,391 INFO o.a.j.s.SampleEvent: List of sample_variables: []
2026-08-04 21:49:51,397 INFO o.a.j.e.u.CompoundVariable: Note: Function class names must contain the string: '.functions.'
2026-08-04 21:49:51,397 INFO o.a.j.e.u.CompoundVariable: Note: Function class names must not contain the string: '.gui.'
2026-08-04 21:49:51,469 INFO o.a.j.r.ClassFinder: Will scan jar D:\apache-jmeter-5.6.3\lib\ext\jmeter-plugins-graphs-additional-2.0.jar with filter ExtendsClassFilter [parents=[interface org.apache.jmeter.functions.Function], inner=false, contains=null, notContains=null]. Consider exposing JMeter plugins via META-INF/services, and add JMeter-Skip-Class-Scanning=true manifest attribute so JMeter can skip classfile scanning
2026-08-04 21:49:51,476 INFO o.a.j.r.ClassFinder: Will scan jar D:\apache-jmeter-5.6.3\lib\ext\jmeter-plugins-manager-1.11.jar with filter ExtendsClassFilter [parents=[interface org.apache.jmeter.functions.Function], inner=false, contains=null, notContains=null]. Consider exposing JMeter plugins via META-INF/services, and add JMeter-Skip-Class-Scanning=true manifest attribute so JMeter can skip classfile scanning
2026-08-04 21:49:51,570 INFO o.a.j.r.ClassFinder: Will scan jar D:\apache-jmeter-5.6.3\lib\ext\jmeter-plugins-graphs-basic-2.0.jar with filter ExtendsClassFilter [parents=[interface org.apache.jmeter.functions.Function], inner=false, contains=null, notContains=null]. Consider exposing JMeter plugins via META-INF/services, and add JMeter-Skip-Class-Scanning=true manifest attribute so JMeter can skip classfile scanning
2026-08-04 21:49:51,573 INFO o.a.j.r.ClassFinder: Will scan jar D:\apache-jmeter-5.6.3\lib\ext\jmeter-plugins-graphs-composite-2.0.jar with filter ExtendsClassFilter [parents=[interface org.apache.jmeter.functions.Function], inner=false, contains=null, notContains=null]. Consider exposing JMeter plugins via META-INF/services, and add JMeter-Skip-Class-Scanning=true manifest attribute so JMeter can skip classfile scanning
2026-08-04 21:49:51,638 INFO o.a.j.JMeter: Running test (1785869391637)
2026-08-04 21:49:51,660 INFO o.a.j.e.StandardJMeterEngine: Starting ThreadGroup: 1 : Add Visit Load
2026-08-04 21:49:51,660 INFO o.a.j.e.StandardJMeterEngine: Starting 1000 threads for group Add Visit Load.
2026-08-04 21:49:51,660 INFO o.a.j.e.StandardJMeterEngine: Thread will continue on error
2026-08-04 21:49:51,661 INFO o.a.j.t.ThreadGroup: Starting thread group... number=1 threads=1000 ramp-up=90 delayedStart=false
2026-08-04 21:49:52,185 INFO o.a.j.t.ThreadGroup: Started thread group number 1
2026-08-04 21:49:52,185 INFO o.a.j.e.StandardJMeterEngine: All thread groups have been started
2026-08-04 21:49:52,223 INFO o.a.j.t.JMeterThread: Thread started: Add Visit Load 1-1
2026-08-04 21:49:52,226 INFO o.a.j.s.FileServer: Stored: D:\apache-jmeter-5.6.3\visipoint-project\accounts.csv
2026-08-04 21:49:52,282 INFO o.a.j.p.h.s.HTTPHCAbstractImpl: Local host = DESKTOP-3P49SV6
2026-08-04 21:49:52,291 INFO o.a.j.p.h.s.HTTPHC4Impl: HTTP request retry count = 0
2026-08-04 21:49:52,293 INFO o.a.j.s.SampleResult: Note: Sample TimeStamps are START times
2026-08-04 21:49:52,293 INFO o.a.j.s.SampleResult: sampleresult.default.encoding is set to UTF-8
2026-08-04 21:49:52,293 INFO o.a.j.s.SampleResult: sampleresult.useNanoTime=true
2026-08-04 21:49:52,293 INFO o.a.j.s.SampleResult: sampleresult.nanoThreadSleep=5000
2026-08-04 21:49:52,309 INFO o.a.j.t.JMeterThread: Thread started: Add Visit Load 1-2
2026-08-04 21:49:52,396 INFO o.a.j.t.JMeterThread: Thread started: Add Visit Load 1-3
2026-08-04 21:49:52,487 INFO o.a.j.t.JMeterThread: Thread started: Add Visit Load 1-4
2026-08-04 21:49:52,577 INFO o.a.j.p.h.s.h.LazyLayeredConnectionSocketFactory: Setting up HTTPS TrustAll Socket Factory
2026-08-04 21:49:52,582 INFO o.a.j.t.JMeterThread: Thread started: Add Visit Load 1-5
2026-08-04 21:49:52,584 INFO o.a.j.u.JsseSSLManager: Using default SSL protocol: TLS
2026-08-04 21:49:52,584 INFO o.a.j.u.JsseSSLManager: SSL session context: per-thread
2026-08-04 21:49:52,673 INFO o.a.j.t.JMeterThread: Thread started: Add Visit Load 1-6
2026-08-04 21:49:52,739 INFO o.a.j.u.SSLManager: JmeterKeyStore Location:  type JKS
2026-08-04 21:49:52,743 INFO o.a.j.u.SSLManager: KeyStore created OK
2026-08-04 21:49:52,743 WARN o.a.j.u.SSLManager: Keystore file not found, loading empty keystore
2026-08-04 21:49:52,774 INFO o.a.j.t.JMeterThread: Thread started: Add Visit Load 1-7
2026-08-04 21:49:52,848 INFO o.a.j.t.JMeterThread: Thread started: Add Visit Load 1-8
2026-08-04 21:49:52,934 INFO o.a.j.t.JMeterThread: Thread started: Add Visit Load 1-9
2026-08-04 21:49:53,019 INFO o.a.j.t.JMeterThread: Thread started: Add Visit Load 1-10
2026-08-04 21:49:53,105 INFO o.a.j.t.JMeterThread: Thread started: Add Visit Load 1-11
2026-08-04 21:49:53,198 INFO o.a.j.t.JMeterThread: Thread started: Add Visit Load 1-12
2026-08-04 21:49:53,286 INFO o.a.j.t.JMeterThread: Thread started: Add Visit Load 1-13
2026-08-04 21:49:53,378 INFO o.a.j.t.JMeterThread: Thread started: Add Visit Load 1-14
2026-08-04 21:49:53,461 INFO o.a.j.t.JMeterThread: Thread started: Add Visit Load 1-15
2026-08-04 21:49:53,549 INFO o.a.j.t.JMeterThread: Thread started: Add Visit Load 1-16
2026-08-04 21:49:53,647 INFO o.a.j.t.JMeterThread: Thread started: Add Visit Load 1-17
2026-08-04 21:49:53,729 INFO o.a.j.t.JMeterThread: Thread started: Add Visit Load 1-18
2026-08-04 21:49:53,822 INFO o.a.j.t.JMeterThread: Thread started: Add Visit Load 1-19
2026-08-04 21:49:53,906 INFO o.a.j.t.JMeterThread: Thread started: Add Visit Load 1-20
2026-08-04 21:49:53,996 INFO o.a.j.t.JMeterThread: Thread started: Add Visit Load 1-21
2026-08-04 21:49:54,082 INFO o.a.j.t.JMeterThread: Thread started: Add Visit Load 1-22
2026-08-04 21:49:54,173 INFO o.a.j.t.JMeterThread: Thread started: Add Visit Load 1-23
2026-08-04 21:49:54,268 INFO o.a.j.t.JMeterThread: Thread started: Add Visit Load 1-24
2026-08-04 21:49:54,317 INFO o.a.j.t.JMeterThread: Thread started: Add Visit Load 1-25
2026-08-04 21:49:54,439 INFO o.a.j.t.JMeterThread: Thread started: Add Visit Load 1-26
2026-08-04 21:49:54,530 INFO o.a.j.t.JMeterThread: Thread is done: Add Visit Load 1-4
2026-08-04 21:49:54,530 INFO o.a.j.t.JMeterThread: Thread finished: Add Visit Load 1-4
2026-08-04 21:49:54,530 INFO o.a.j.t.JMeterThread: Thread is done: Add Visit Load 1-3
2026-08-04 21:49:54,530 INFO o.a.j.t.JMeterThread: Thread finished: Add Visit Load 1-3
2026-08-04 21:49:54,537 INFO o.a.j.t.JMeterThread: Thread started: Add Visit Load 1-27
2026-08-04 21:49:54,624 INFO o.a.j.t.JMeterThread: Thread started: Add Visit Load 1-28
2026-08-04 21:49:54,640 INFO o.a.j.t.JMeterThread: Thread is done: Add Visit Load 1-12
2026-08-04 21:49:54,640 INFO o.a.j.t.JMeterThread: Thread finished: Add Visit Load 1-12
2026-08-04 21:49:54,686 INFO o.a.j.t.JMeterThread: Thread is done: Add Visit Load 1-11
2026-08-04 21:49:54,686 INFO o.a.j.t.JMeterThread: Thread finished: Add Visit Load 1-11
2026-08-04 21:49:54,709 INFO o.a.j.t.JMeterThread: Thread started: Add Visit Load 1-29
2026-08-04 21:49:54,817 INFO o.a.j.t.JMeterThread: Thread started: Add Visit Load 1-30
2026-08-04 21:49:54,890 INFO o.a.j.t.JMeterThread: Thread started: Add Visit Load 1-31
2026-08-04 21:49:54,958 INFO o.a.j.t.JMeterThread: Thread is done: Add Visit Load 1-1
2026-08-04 21:49:54,959 INFO o.a.j.t.JMeterThread: Thread finished: Add Visit Load 1-1
2026-08-04 21:49:54,984 INFO o.a.j.t.JMeterThread: Thread started: Add Visit Load 1-32
2026-08-04 21:49:55,051 INFO o.a.j.t.JMeterThread: Thread is done: Add Visit Load 1-9
2026-08-04 21:49:55,051 INFO o.a.j.t.JMeterThread: Thread finished: Add Visit Load 1-9
2026-08-04 21:49:55,054 INFO o.a.j.t.JMeterThread: Thread is done: Add Visit Load 1-8
2026-08-04 21:49:55,054 INFO o.a.j.t.JMeterThread: Thread finished: Add Visit Load 1-8
2026-08-04 21:49:55,059 INFO o.a.j.t.JMeterThread: Thread is done: Add Visit Load 1-13
2026-08-04 21:49:55,059 INFO o.a.j.t.JMeterThread: Thread finished: Add Visit Load 1-13
2026-08-04 21:49:55,065 INFO o.a.j.t.JMeterThread: Thread started: Add Visit Load 1-33
2026-08-04 21:49:55,171 INFO o.a.j.t.JMeterThread: Thread started: Add Visit Load 1-34
2026-08-04 21:49:55,184 INFO o.a.j.t.JMeterThread: Thread is done: Add Visit Load 1-19
2026-08-04 21:49:55,184 INFO o.a.j.t.JMeterThread: Thread finished: Add Visit Load 1-19
2026-08-04 21:49:55,254 INFO o.a.j.t.JMeterThread: Thread started: Add Visit Load 1-35
2026-08-04 21:49:55,341 INFO o.a.j.t.JMeterThread: Thread started: Add Visit Load 1-36
2026-08-04 21:49:55,383 INFO o.a.j.t.JMeterThread: Thread started: Add Visit Load 1-37
2026-08-04 21:49:55,402 INFO o.a.j.t.JMeterThread: Thread is done: Add Visit Load 1-2
2026-08-04 21:49:55,402 INFO o.a.j.t.JMeterThread: Thread finished: Add Visit Load 1-2
2026-08-04 21:49:55,500 INFO o.a.j.t.JMeterThread: Thread started: Add Visit Load 1-38
2026-08-04 21:49:55,532 INFO o.a.j.t.JMeterThread: Thread is done: Add Visit Load 1-10
2026-08-04 21:49:55,532 INFO o.a.j.t.JMeterThread: Thread finished: Add Visit Load 1-10
2026-08-04 21:49:55,551 INFO o.a.j.t.JMeterThread: Thread is done: Add Visit Load 1-17
2026-08-04 21:49:55,552 INFO o.a.j.t.JMeterThread: Thread finished: Add Visit Load 1-17
2026-08-04 21:49:55,604 INFO o.a.j.t.JMeterThread: Thread started: Add Visit Load 1-39
2026-08-04 21:49:55,697 INFO o.a.j.t.JMeterThread: Thread started: Add Visit Load 1-40
2026-08-04 21:49:55,702 INFO o.a.j.t.JMeterThread: Thread is done: Add Visit Load 1-14
2026-08-04 21:49:55,703 INFO o.a.j.t.JMeterThread: Thread finished: Add Visit Load 1-14
2026-08-04 21:49:55,787 INFO o.a.j.t.JMeterThread: Thread started: Add Visit Load 1-41
2026-08-04 21:49:55,808 INFO o.a.j.t.JMeterThread: Thread is done: Add Visit Load 1-26
2026-08-04 21:49:55,809 INFO o.a.j.t.JMeterThread: Thread finished: Add Visit Load 1-26
2026-08-04 21:49:55,832 INFO o.a.j.t.JMeterThread: Thread is done: Add Visit Load 1-16
2026-08-04 21:49:55,832 INFO o.a.j.t.JMeterThread: Thread finished: Add Visit Load 1-16
2026-08-04 21:49:55,871 INFO o.a.j.t.JMeterThread: Thread started: Add Visit Load 1-42
2026-08-04 21:49:55,964 INFO o.a.j.t.JMeterThread: Thread started: Add Visit Load 1-43
2026-08-04 21:49:56,059 INFO o.a.j.t.JMeterThread: Thread started: Add Visit Load 1-44
2026-08-04 21:49:56,066 INFO o.a.j.t.JMeterThread: Thread is done: Add Visit Load 1-22
2026-08-04 21:49:56,066 INFO o.a.j.t.JMeterThread: Thread finished: Add Visit Load 1-22
2026-08-04 21:49:56,097 INFO o.a.j.t.JMeterThread: Thread is done: Add Visit Load 1-29
2026-08-04 21:49:56,097 INFO o.a.j.t.JMeterThread: Thread finished: Add Visit Load 1-29
2026-08-04 21:49:56,130 INFO o.a.j.t.JMeterThread: Thread is done: Add Visit Load 1-7
2026-08-04 21:49:56,130 INFO o.a.j.t.JMeterThread: Thread finished: Add Visit Load 1-7
2026-08-04 21:49:56,141 INFO o.a.j.t.JMeterThread: Thread started: Add Visit Load 1-45
2026-08-04 21:49:56,159 INFO o.a.j.t.JMeterThread: Thread is done: Add Visit Load 1-30
2026-08-04 21:49:56,159 INFO o.a.j.t.JMeterThread: Thread finished: Add Visit Load 1-30
2026-08-04 21:49:56,193 INFO o.a.j.t.JMeterThread: Thread is done: Add Visit Load 1-5
2026-08-04 21:49:56,194 INFO o.a.j.t.JMeterThread: Thread finished: Add Visit Load 1-5
2026-08-04 21:49:56,214 INFO o.a.j.t.JMeterThread: Thread is done: Add Visit Load 1-20
2026-08-04 21:49:56,214 INFO o.a.j.t.JMeterThread: Thread finished: Add Visit Load 1-20
2026-08-04 21:49:56,236 INFO o.a.j.t.JMeterThread: Thread started: Add Visit Load 1-46
2026-08-04 21:49:56,264 INFO o.a.j.t.JMeterThread: Thread is done: Add Visit Load 1-27
2026-08-04 21:49:56,264 INFO o.a.j.t.JMeterThread: Thread finished: Add Visit Load 1-27
2026-08-04 21:49:56,326 INFO o.a.j.t.JMeterThread: Thread started: Add Visit Load 1-47
2026-08-04 21:49:56,332 INFO o.a.j.t.JMeterThread: Thread is done: Add Visit Load 1-32
2026-08-04 21:49:56,332 INFO o.a.j.t.JMeterThread: Thread finished: Add Visit Load 1-32
2026-08-04 21:49:56,391 INFO o.a.j.t.JMeterThread: Thread started: Add Visit Load 1-48
2026-08-04 21:49:56,520 INFO o.a.j.t.JMeterThread: Thread started: Add Visit Load 1-49
2026-08-04 21:49:56,555 INFO o.a.j.t.JMeterThread: Thread started: Add Visit Load 1-50
2026-08-04 21:49:56,654 INFO o.a.j.t.JMeterThread: Thread is done: Add Visit Load 1-6
2026-08-04 21:49:56,654 INFO o.a.j.t.JMeterThread: Thread finished: Add Visit Load 1-6
2026-08-04 21:49:56,676 INFO o.a.j.t.JMeterThread: Thread started: Add Visit Load 1-51
2026-08-04 21:49:56,720 INFO o.a.j.t.JMeterThread: Thread is done: Add Visit Load 1-28
2026-08-04 21:49:56,720 INFO o.a.j.t.JMeterThread: Thread finished: Add Visit Load 1-28
2026-08-04 21:49:56,757 INFO o.a.j.t.JMeterThread: Thread is done: Add Visit Load 1-24
2026-08-04 21:49:56,758 INFO o.a.j.t.JMeterThread: Thread finished: Add Visit Load 1-24
2026-08-04 21:49:56,765 INFO o.a.j.t.JMeterThread: Thread started: Add Visit Load 1-52
2026-08-04 21:49:56,793 INFO o.a.j.t.JMeterThread: Thread is done: Add Visit Load 1-15
2026-08-04 21:49:56,793 INFO o.a.j.t.JMeterThread: Thread finished: Add Visit Load 1-15
2026-08-04 21:49:56,854 INFO o.a.j.t.JMeterThread: Thread started: Add Visit Load 1-53
2026-08-04 21:49:56,895 INFO o.a.j.t.JMeterThread: Thread is done: Add Visit Load 1-23
2026-08-04 21:49:56,895 INFO o.a.j.t.JMeterThread: Thread finished: Add Visit Load 1-23
2026-08-04 21:49:56,943 INFO o.a.j.t.JMeterThread: Thread started: Add Visit Load 1-54
2026-08-04 21:49:57,034 INFO o.a.j.t.JMeterThread: Thread started: Add Visit Load 1-55
2026-08-04 21:49:57,121 INFO o.a.j.t.JMeterThread: Thread started: Add Visit Load 1-56
2026-08-04 21:49:57,177 INFO o.a.j.t.JMeterThread: Thread started: Add Visit Load 1-57
2026-08-04 21:49:57,298 INFO o.a.j.t.JMeterThread: Thread started: Add Visit Load 1-58
2026-08-04 21:49:57,389 INFO o.a.j.t.JMeterThread: Thread started: Add Visit Load 1-59
2026-08-04 21:49:57,479 INFO o.a.j.t.JMeterThread: Thread started: Add Visit Load 1-60
2026-08-04 21:49:57,569 INFO o.a.j.t.JMeterThread: Thread started: Add Visit Load 1-61
2026-08-04 21:49:57,661 INFO o.a.j.t.JMeterThread: Thread started: Add Visit Load 1-62
2026-08-04 21:49:57,749 INFO o.a.j.t.JMeterThread: Thread started: Add Visit Load 1-63
2026-08-04 21:49:57,840 INFO o.a.j.t.JMeterThread: Thread started: Add Visit Load 1-64
2026-08-04 21:49:57,925 INFO o.a.j.t.JMeterThread: Thread started: Add Visit Load 1-65
2026-08-04 21:49:58,019 INFO o.a.j.t.JMeterThread: Thread started: Add Visit Load 1-66
2026-08-04 21:49:58,111 INFO o.a.j.t.JMeterThread: Thread started: Add Visit Load 1-67
2026-08-04 21:49:58,202 INFO o.a.j.t.JMeterThread: Thread started: Add Visit Load 1-68
2026-08-04 21:49:58,291 INFO o.a.j.t.JMeterThread: Thread started: Add Visit Load 1-69
2026-08-04 21:49:58,391 INFO o.a.j.t.JMeterThread: Thread started: Add Visit Load 1-70
2026-08-04 21:49:58,392 INFO o.a.j.t.JMeterThread: Thread is done: Add Visit Load 1-18
2026-08-04 21:49:58,392 INFO o.a.j.t.JMeterThread: Thread finished: Add Visit Load 1-18
2026-08-04 21:49:58,393 INFO o.a.j.t.JMeterThread: Thread is done: Add Visit Load 1-39
2026-08-04 21:49:58,393 INFO o.a.j.t.JMeterThread: Thread finished: Add Visit Load 1-39
2026-08-04 21:49:58,461 INFO o.a.j.t.JMeterThread: Thread started: Add Visit Load 1-71
2026-08-04 21:49:58,473 INFO o.a.j.t.JMeterThread: Thread is done: Add Visit Load 1-31
2026-08-04 21:49:58,473 INFO o.a.j.t.JMeterThread: Thread finished: Add Visit Load 1-31
2026-08-04 21:49:58,532 INFO o.a.j.t.JMeterThread: Thread is done: Add Visit Load 1-45
2026-08-04 21:49:58,532 INFO o.a.j.t.JMeterThread: Thread finished: Add Visit Load 1-45
2026-08-04 21:49:58,554 INFO o.a.j.t.JMeterThread: Thread started: Add Visit Load 1-72
2026-08-04 21:49:58,560 INFO o.a.j.t.JMeterThread: Thread is done: Add Visit Load 1-36
2026-08-04 21:49:58,560 INFO o.a.j.t.JMeterThread: Thread finished: Add Visit Load 1-36
2026-08-04 21:49:58,640 INFO o.a.j.t.JMeterThread: Thread is done: Add Visit Load 1-41
2026-08-04 21:49:58,640 INFO o.a.j.t.JMeterThread: Thread finished: Add Visit Load 1-41
2026-08-04 21:49:58,641 INFO o.a.j.t.JMeterThread: Thread started: Add Visit Load 1-73
2026-08-04 21:49:58,661 INFO o.a.j.t.JMeterThread: Thread is done: Add Visit Load 1-25
2026-08-04 21:49:58,661 INFO o.a.j.t.JMeterThread: Thread finished: Add Visit Load 1-25
2026-08-04 21:49:58,689 INFO o.a.j.t.JMeterThread: Thread started: Add Visit Load 1-74
2026-08-04 21:49:58,820 INFO o.a.j.t.JMeterThread: Thread is done: Add Visit Load 1-37
2026-08-04 21:49:58,820 INFO o.a.j.t.JMeterThread: Thread finished: Add Visit Load 1-37
2026-08-04 21:49:58,820 INFO o.a.j.t.JMeterThread: Thread started: Add Visit Load 1-75
2026-08-04 21:49:58,864 INFO o.a.j.t.JMeterThread: Thread is done: Add Visit Load 1-47
2026-08-04 21:49:58,864 INFO o.a.j.t.JMeterThread: Thread finished: Add Visit Load 1-47
2026-08-04 21:49:58,904 INFO o.a.j.t.JMeterThread: Thread is done: Add Visit Load 1-43
2026-08-04 21:49:58,904 INFO o.a.j.t.JMeterThread: Thread finished: Add Visit Load 1-43
2026-08-04 21:49:58,910 INFO o.a.j.t.JMeterThread: Thread started: Add Visit Load 1-76
2026-08-04 21:49:58,985 INFO o.a.j.t.JMeterThread: Thread is done: Add Visit Load 1-44
2026-08-04 21:49:58,985 INFO o.a.j.t.JMeterThread: Thread finished: Add Visit Load 1-44
2026-08-04 21:49:58,997 INFO o.a.j.t.JMeterThread: Thread started: Add Visit Load 1-77
2026-08-04 21:49:58,999 INFO o.a.j.t.JMeterThread: Thread is done: Add Visit Load 1-53
2026-08-04 21:49:58,999 INFO o.a.j.t.JMeterThread: Thread finished: Add Visit Load 1-53
2026-08-04 21:49:59,017 INFO o.a.j.t.JMeterThread: Thread is done: Add Visit Load 1-49
2026-08-04 21:49:59,017 INFO o.a.j.t.JMeterThread: Thread finished: Add Visit Load 1-49
2026-08-04 21:49:59,091 INFO o.a.j.t.JMeterThread: Thread started: Add Visit Load 1-78
2026-08-04 21:49:59,103 INFO o.a.j.t.JMeterThread: Thread is done: Add Visit Load 1-50
2026-08-04 21:49:59,103 INFO o.a.j.t.JMeterThread: Thread finished: Add Visit Load 1-50
2026-08-04 21:49:59,184 INFO o.a.j.t.JMeterThread: Thread started: Add Visit Load 1-79
2026-08-04 21:49:59,208 INFO o.a.j.t.JMeterThread: Thread is done: Add Visit Load 1-55
2026-08-04 21:49:59,208 INFO o.a.j.t.JMeterThread: Thread finished: Add Visit Load 1-55
2026-08-04 21:49:59,267 INFO o.a.j.t.JMeterThread: Thread started: Add Visit Load 1-80
2026-08-04 21:49:59,357 INFO o.a.j.t.JMeterThread: Thread started: Add Visit Load 1-81
2026-08-04 21:49:59,386 INFO o.a.j.t.JMeterThread: Thread is done: Add Visit Load 1-42
2026-08-04 21:49:59,386 INFO o.a.j.t.JMeterThread: Thread finished: Add Visit Load 1-42
2026-08-04 21:49:59,452 INFO o.a.j.t.JMeterThread: Thread started: Add Visit Load 1-82
2026-08-04 21:49:59,461 INFO o.a.j.t.JMeterThread: Thread is done: Add Visit Load 1-59
2026-08-04 21:49:59,461 INFO o.a.j.t.JMeterThread: Thread finished: Add Visit Load 1-59
2026-08-04 21:49:59,535 INFO o.a.j.t.JMeterThread: Thread started: Add Visit Load 1-83
2026-08-04 21:49:59,550 INFO o.a.j.t.JMeterThread: Thread is done: Add Visit Load 1-40
2026-08-04 21:49:59,550 INFO o.a.j.t.JMeterThread: Thread finished: Add Visit Load 1-40
2026-08-04 21:49:59,559 INFO o.a.j.t.JMeterThread: Thread is done: Add Visit Load 1-52
2026-08-04 21:49:59,559 INFO o.a.j.t.JMeterThread: Thread finished: Add Visit Load 1-52
2026-08-04 21:49:59,581 INFO o.a.j.t.JMeterThread: Thread is done: Add Visit Load 1-34
2026-08-04 21:49:59,581 INFO o.a.j.t.JMeterThread: Thread finished: Add Visit Load 1-34
2026-08-04 21:49:59,624 INFO o.a.j.t.JMeterThread: Thread started: Add Visit Load 1-84
2026-08-04 21:49:59,672 INFO o.a.j.t.JMeterThread: Thread is done: Add Visit Load 1-33
2026-08-04 21:49:59,672 INFO o.a.j.t.JMeterThread: Thread finished: Add Visit Load 1-33
2026-08-04 21:49:59,717 INFO o.a.j.t.JMeterThread: Thread started: Add Visit Load 1-85
2026-08-04 21:49:59,805 INFO o.a.j.t.JMeterThread: Thread started: Add Visit Load 1-86
2026-08-04 21:49:59,864 INFO o.a.j.t.JMeterThread: Thread is done: Add Visit Load 1-35
2026-08-04 21:49:59,864 INFO o.a.j.t.JMeterThread: Thread finished: Add Visit Load 1-35
2026-08-04 21:49:59,870 INFO o.a.j.t.JMeterThread: Thread is done: Add Visit Load 1-62
2026-08-04 21:49:59,870 INFO o.a.j.t.JMeterThread: Thread finished: Add Visit Load 1-62
2026-08-04 21:49:59,894 INFO o.a.j.t.JMeterThread: Thread started: Add Visit Load 1-87
2026-08-04 21:49:59,935 INFO o.a.j.t.JMeterThread: Thread is done: Add Visit Load 1-71
2026-08-04 21:49:59,935 INFO o.a.j.t.JMeterThread: Thread finished: Add Visit Load 1-71
2026-08-04 21:49:59,937 INFO o.a.j.t.JMeterThread: Thread is done: Add Visit Load 1-63
2026-08-04 21:49:59,938 INFO o.a.j.t.JMeterThread: Thread finished: Add Visit Load 1-63
2026-08-04 21:49:59,949 INFO o.a.j.t.JMeterThread: Thread is done: Add Visit Load 1-64
2026-08-04 21:49:59,949 INFO o.a.j.t.JMeterThread: Thread finished: Add Visit Load 1-64
2026-08-04 21:49:59,964 INFO o.a.j.t.JMeterThread: Thread is done: Add Visit Load 1-51
2026-08-04 21:49:59,964 INFO o.a.j.t.JMeterThread: Thread finished: Add Visit Load 1-51
2026-08-04 21:49:59,985 INFO o.a.j.t.JMeterThread: Thread started: Add Visit Load 1-88
2026-08-04 21:50:00,078 INFO o.a.j.t.JMeterThread: Thread started: Add Visit Load 1-89
2026-08-04 21:50:00,104 INFO o.a.j.t.JMeterThread: Thread is done: Add Visit Load 1-74
2026-08-04 21:50:00,104 INFO o.a.j.t.JMeterThread: Thread finished: Add Visit Load 1-74
2026-08-04 21:50:00,106 INFO o.a.j.r.Summariser: summary +    118 in 00:00:08 =   13.9/s Avg:  1350 Min:   220 Max:  4355 Err:    55 (46.61%) Active: 33 Started: 89 Finished: 56
2026-08-04 21:50:00,130 INFO o.a.j.t.JMeterThread: Thread started: Add Visit Load 1-90
2026-08-04 21:50:00,193 INFO o.a.j.t.JMeterThread: Thread is done: Add Visit Load 1-60
2026-08-04 21:50:00,193 INFO o.a.j.t.JMeterThread: Thread finished: Add Visit Load 1-60
2026-08-04 21:50:00,203 INFO o.a.j.t.JMeterThread: Thread is done: Add Visit Load 1-83
2026-08-04 21:50:00,203 INFO o.a.j.t.JMeterThread: Thread finished: Add Visit Load 1-83
2026-08-04 21:50:00,250 INFO o.a.j.t.JMeterThread: Thread started: Add Visit Load 1-91
2026-08-04 21:50:00,338 INFO o.a.j.t.JMeterThread: Thread started: Add Visit Load 1-92
2026-08-04 21:50:00,453 INFO o.a.j.t.JMeterThread: Thread started: Add Visit Load 1-93
2026-08-04 21:50:00,540 INFO o.a.j.t.JMeterThread: Thread started: Add Visit Load 1-94
2026-08-04 21:50:00,555 INFO o.a.j.t.JMeterThread: Thread started: Add Visit Load 1-95
2026-08-04 21:50:00,688 INFO o.a.j.t.JMeterThread: Thread started: Add Visit Load 1-96
2026-08-04 21:50:00,807 INFO o.a.j.t.JMeterThread: Thread started: Add Visit Load 1-97
2026-08-04 21:50:00,865 INFO o.a.j.t.JMeterThread: Thread started: Add Visit Load 1-98
2026-08-04 21:50:00,972 INFO o.a.j.t.JMeterThread: Thread started: Add Visit Load 1-99
2026-08-04 21:50:01,062 INFO o.a.j.t.JMeterThread: Thread started: Add Visit Load 1-100
2026-08-04 21:50:01,166 INFO o.a.j.t.JMeterThread: Thread started: Add Visit Load 1-101
2026-08-04 21:50:01,256 INFO o.a.j.t.JMeterThread: Thread started: Add Visit Load 1-102
2026-08-04 21:50:01,329 INFO o.a.j.t.JMeterThread: Thread started: Add Visit Load 1-103
2026-08-04 21:50:01,422 INFO o.a.j.t.JMeterThread: Thread started: Add Visit Load 1-104
2026-08-04 21:50:01,523 INFO o.a.j.t.JMeterThread: Thread started: Add Visit Load 1-105
2026-08-04 21:50:01,614 INFO o.a.j.t.JMeterThread: Thread started: Add Visit Load 1-106
2026-08-04 21:50:01,691 INFO o.a.j.t.JMeterThread: Thread started: Add Visit Load 1-107
2026-08-04 21:50:01,770 INFO o.a.j.t.JMeterThread: Thread started: Add Visit Load 1-108
2026-08-04 21:50:01,882 INFO o.a.j.t.JMeterThread: Thread started: Add Visit Load 1-109
2026-08-04 21:50:01,949 INFO o.a.j.t.JMeterThread: Thread started: Add Visit Load 1-110
2026-08-04 21:50:02,038 INFO o.a.j.t.JMeterThread: Thread started: Add Visit Load 1-111
2026-08-04 21:50:02,128 INFO o.a.j.t.JMeterThread: Thread started: Add Visit Load 1-112
2026-08-04 21:50:02,241 INFO o.a.j.t.JMeterThread: Thread started: Add Visit Load 1-113
2026-08-04 21:50:02,329 INFO o.a.j.t.JMeterThread: Thread started: Add Visit Load 1-114
2026-08-04 21:50:02,396 INFO o.a.j.t.JMeterThread: Thread started: Add Visit Load 1-115
2026-08-04 21:50:02,484 INFO o.a.j.t.JMeterThread: Thread started: Add Visit Load 1-116
2026-08-04 21:50:02,521 INFO o.a.j.t.JMeterThread: Thread is done: Add Visit Load 1-56
2026-08-04 21:50:02,521 INFO o.a.j.t.JMeterThread: Thread finished: Add Visit Load 1-56
2026-08-04 21:50:02,573 INFO o.a.j.t.JMeterThread: Thread is done: Add Visit Load 1-72
2026-08-04 21:50:02,573 INFO o.a.j.t.JMeterThread: Thread finished: Add Visit Load 1-72
2026-08-04 21:50:02,598 INFO o.a.j.t.JMeterThread: Thread started: Add Visit Load 1-117
2026-08-04 21:50:02,688 INFO o.a.j.t.JMeterThread: Thread started: Add Visit Load 1-118
2026-08-04 21:50:02,754 INFO o.a.j.t.JMeterThread: Thread is done: Add Visit Load 1-38
2026-08-04 21:50:02,754 INFO o.a.j.t.JMeterThread: Thread finished: Add Visit Load 1-38
2026-08-04 21:50:02,756 INFO o.a.j.t.JMeterThread: Thread started: Add Visit Load 1-119
2026-08-04 21:50:02,785 INFO o.a.j.t.JMeterThread: Thread is done: Add Visit Load 1-61
2026-08-04 21:50:02,785 INFO o.a.j.t.JMeterThread: Thread finished: Add Visit Load 1-61
2026-08-04 21:50:02,845 INFO o.a.j.t.JMeterThread: Thread started: Add Visit Load 1-120
2026-08-04 21:50:02,854 INFO o.a.j.t.JMeterThread: Thread is done: Add Visit Load 1-58
2026-08-04 21:50:02,854 INFO o.a.j.t.JMeterThread: Thread finished: Add Visit Load 1-58
2026-08-04 21:50:02,876 INFO o.a.j.t.JMeterThread: Thread is done: Add Visit Load 1-69
2026-08-04 21:50:02,876 INFO o.a.j.t.JMeterThread: Thread finished: Add Visit Load 1-69
2026-08-04 21:50:02,934 INFO o.a.j.t.JMeterThread: Thread started: Add Visit Load 1-121
2026-08-04 21:50:02,973 INFO o.a.j.t.JMeterThread: Thread is done: Add Visit Load 1-114
2026-08-04 21:50:02,973 INFO o.a.j.t.JMeterThread: Thread finished: Add Visit Load 1-114
2026-08-04 21:50:02,977 INFO o.a.j.t.JMeterThread: Thread is done: Add Visit Load 1-67
2026-08-04 21:50:02,977 INFO o.a.j.t.JMeterThread: Thread finished: Add Visit Load 1-67
2026-08-04 21:50:02,993 INFO o.a.j.t.JMeterThread: Thread is done: Add Visit Load 1-103
2026-08-04 21:50:02,993 INFO o.a.j.t.JMeterThread: Thread finished: Add Visit Load 1-103
2026-08-04 21:50:03,023 INFO o.a.j.t.JMeterThread: Thread is done: Add Visit Load 1-79
2026-08-04 21:50:03,023 INFO o.a.j.t.JMeterThread: Thread finished: Add Visit Load 1-79
2026-08-04 21:50:03,024 INFO o.a.j.t.JMeterThread: Thread started: Add Visit Load 1-122
2026-08-04 21:50:03,043 INFO o.a.j.t.JMeterThread: Thread is done: Add Visit Load 1-76
2026-08-04 21:50:03,043 INFO o.a.j.t.JMeterThread: Thread finished: Add Visit Load 1-76
2026-08-04 21:50:03,073 INFO o.a.j.t.JMeterThread: Thread is done: Add Visit Load 1-115
2026-08-04 21:50:03,073 INFO o.a.j.t.JMeterThread: Thread finished: Add Visit Load 1-115
2026-08-04 21:50:03,087 INFO o.a.j.t.JMeterThread: Thread is done: Add Visit Load 1-80
2026-08-04 21:50:03,087 INFO o.a.j.t.JMeterThread: Thread finished: Add Visit Load 1-80
2026-08-04 21:50:03,095 INFO o.a.j.t.JMeterThread: Thread is done: Add Visit Load 1-91
2026-08-04 21:50:03,095 INFO o.a.j.t.JMeterThread: Thread finished: Add Visit Load 1-91
2026-08-04 21:50:03,104 INFO o.a.j.t.JMeterThread: Thread is done: Add Visit Load 1-81
2026-08-04 21:50:03,104 INFO o.a.j.t.JMeterThread: Thread finished: Add Visit Load 1-81
2026-08-04 21:50:03,114 INFO o.a.j.t.JMeterThread: Thread started: Add Visit Load 1-123
2026-08-04 21:50:03,116 INFO o.a.j.t.JMeterThread: Thread is done: Add Visit Load 1-86
2026-08-04 21:50:03,116 INFO o.a.j.t.JMeterThread: Thread finished: Add Visit Load 1-86
2026-08-04 21:50:03,133 INFO o.a.j.t.JMeterThread: Thread is done: Add Visit Load 1-75
2026-08-04 21:50:03,133 INFO o.a.j.t.JMeterThread: Thread finished: Add Visit Load 1-75
2026-08-04 21:50:03,150 INFO o.a.j.t.JMeterThread: Thread is done: Add Visit Load 1-85
2026-08-04 21:50:03,150 INFO o.a.j.t.JMeterThread: Thread finished: Add Visit Load 1-85
2026-08-04 21:50:03,153 INFO o.a.j.t.JMeterThread: Thread is done: Add Visit Load 1-65
2026-08-04 21:50:03,153 INFO o.a.j.t.JMeterThread: Thread finished: Add Visit Load 1-65
2026-08-04 21:50:03,163 INFO o.a.j.t.JMeterThread: Thread is done: Add Visit Load 1-54
2026-08-04 21:50:03,163 INFO o.a.j.t.JMeterThread: Thread finished: Add Visit Load 1-54
2026-08-04 21:50:03,181 INFO o.a.j.t.JMeterThread: Thread is done: Add Visit Load 1-87
2026-08-04 21:50:03,181 INFO o.a.j.t.JMeterThread: Thread finished: Add Visit Load 1-87
2026-08-04 21:50:03,181 INFO o.a.j.t.JMeterThread: Thread is done: Add Visit Load 1-77
2026-08-04 21:50:03,182 INFO o.a.j.t.JMeterThread: Thread finished: Add Visit Load 1-77
2026-08-04 21:50:03,214 INFO o.a.j.t.JMeterThread: Thread is done: Add Visit Load 1-84
2026-08-04 21:50:03,214 INFO o.a.j.t.JMeterThread: Thread finished: Add Visit Load 1-84
2026-08-04 21:50:03,215 INFO o.a.j.t.JMeterThread: Thread started: Add Visit Load 1-124
2026-08-04 21:50:03,266 INFO o.a.j.t.JMeterThread: Thread is done: Add Visit Load 1-46
2026-08-04 21:50:03,266 INFO o.a.j.t.JMeterThread: Thread finished: Add Visit Load 1-46
2026-08-04 21:50:03,272 INFO o.a.j.t.JMeterThread: Thread is done: Add Visit Load 1-88
2026-08-04 21:50:03,273 INFO o.a.j.t.JMeterThread: Thread finished: Add Visit Load 1-88
2026-08-04 21:50:03,310 INFO o.a.j.t.JMeterThread: Thread is done: Add Visit Load 1-90
2026-08-04 21:50:03,310 INFO o.a.j.t.JMeterThread: Thread finished: Add Visit Load 1-90
2026-08-04 21:50:03,315 INFO o.a.j.t.JMeterThread: Thread started: Add Visit Load 1-125
2026-08-04 21:50:03,390 INFO o.a.j.t.JMeterThread: Thread is done: Add Visit Load 1-66
2026-08-04 21:50:03,390 INFO o.a.j.t.JMeterThread: Thread finished: Add Visit Load 1-66
2026-08-04 21:50:03,392 INFO o.a.j.t.JMeterThread: Thread started: Add Visit Load 1-126
2026-08-04 21:50:03,414 INFO o.a.j.t.JMeterThread: Thread is done: Add Visit Load 1-105
2026-08-04 21:50:03,414 INFO o.a.j.t.JMeterThread: Thread finished: Add Visit Load 1-105
2026-08-04 21:50:03,467 INFO o.a.j.t.JMeterThread: Thread is done: Add Visit Load 1-117
2026-08-04 21:50:03,467 INFO o.a.j.t.JMeterThread: Thread finished: Add Visit Load 1-117
2026-08-04 21:50:03,476 INFO o.a.j.t.JMeterThread: Thread started: Add Visit Load 1-127
2026-08-04 21:50:03,480 INFO o.a.j.t.JMeterThread: Thread is done: Add Visit Load 1-68
2026-08-04 21:50:03,480 INFO o.a.j.t.JMeterThread: Thread finished: Add Visit Load 1-68
2026-08-04 21:50:03,486 INFO o.a.j.t.JMeterThread: Thread is done: Add Visit Load 1-116
2026-08-04 21:50:03,487 INFO o.a.j.t.JMeterThread: Thread finished: Add Visit Load 1-116
2026-08-04 21:50:03,514 INFO o.a.j.t.JMeterThread: Thread is done: Add Visit Load 1-104
2026-08-04 21:50:03,514 INFO o.a.j.t.JMeterThread: Thread finished: Add Visit Load 1-104
2026-08-04 21:50:03,550 INFO o.a.j.t.JMeterThread: Thread is done: Add Visit Load 1-93
2026-08-04 21:50:03,550 INFO o.a.j.t.JMeterThread: Thread finished: Add Visit Load 1-93
2026-08-04 21:50:03,556 INFO o.a.j.t.JMeterThread: Thread started: Add Visit Load 1-128
2026-08-04 21:50:03,608 INFO o.a.j.t.JMeterThread: Thread is done: Add Visit Load 1-92
2026-08-04 21:50:03,608 INFO o.a.j.t.JMeterThread: Thread finished: Add Visit Load 1-92
2026-08-04 21:50:03,650 INFO o.a.j.t.JMeterThread: Thread is done: Add Visit Load 1-95
2026-08-04 21:50:03,650 INFO o.a.j.t.JMeterThread: Thread finished: Add Visit Load 1-95
2026-08-04 21:50:03,654 INFO o.a.j.t.JMeterThread: Thread started: Add Visit Load 1-129
2026-08-04 21:50:03,730 INFO o.a.j.t.JMeterThread: Thread is done: Add Visit Load 1-94
2026-08-04 21:50:03,731 INFO o.a.j.t.JMeterThread: Thread finished: Add Visit Load 1-94
2026-08-04 21:50:03,736 INFO o.a.j.t.JMeterThread: Thread started: Add Visit Load 1-130
2026-08-04 21:50:03,783 INFO o.a.j.t.JMeterThread: Thread is done: Add Visit Load 1-120
2026-08-04 21:50:03,784 INFO o.a.j.t.JMeterThread: Thread finished: Add Visit Load 1-120
2026-08-04 21:50:03,824 INFO o.a.j.t.JMeterThread: Thread started: Add Visit Load 1-131
2026-08-04 21:50:03,826 INFO o.a.j.t.JMeterThread: Thread is done: Add Visit Load 1-109
2026-08-04 21:50:03,826 INFO o.a.j.t.JMeterThread: Thread finished: Add Visit Load 1-109
2026-08-04 21:50:03,868 INFO o.a.j.t.JMeterThread: Thread is done: Add Visit Load 1-121
2026-08-04 21:50:03,868 INFO o.a.j.t.JMeterThread: Thread finished: Add Visit Load 1-121
2026-08-04 21:50:03,885 INFO o.a.j.t.JMeterThread: Thread is done: Add Visit Load 1-119
2026-08-04 21:50:03,885 INFO o.a.j.t.JMeterThread: Thread finished: Add Visit Load 1-119
2026-08-04 21:50:03,913 INFO o.a.j.t.JMeterThread: Thread started: Add Visit Load 1-132
2026-08-04 21:50:04,011 INFO o.a.j.t.JMeterThread: Thread is done: Add Visit Load 1-110
2026-08-04 21:50:04,012 INFO o.a.j.t.JMeterThread: Thread finished: Add Visit Load 1-110
2026-08-04 21:50:04,014 INFO o.a.j.t.JMeterThread: Thread started: Add Visit Load 1-133
2026-08-04 21:50:04,018 INFO o.a.j.t.JMeterThread: Thread is done: Add Visit Load 1-118
2026-08-04 21:50:04,018 INFO o.a.j.t.JMeterThread: Thread finished: Add Visit Load 1-118
2026-08-04 21:50:04,048 INFO o.a.j.t.JMeterThread: Thread is done: Add Visit Load 1-107
2026-08-04 21:50:04,048 INFO o.a.j.t.JMeterThread: Thread finished: Add Visit Load 1-107
2026-08-04 21:50:04,072 INFO o.a.j.t.JMeterThread: Thread is done: Add Visit Load 1-97
2026-08-04 21:50:04,072 INFO o.a.j.t.JMeterThread: Thread finished: Add Visit Load 1-97
2026-08-04 21:50:04,077 INFO o.a.j.t.JMeterThread: Thread is done: Add Visit Load 1-123
2026-08-04 21:50:04,077 INFO o.a.j.t.JMeterThread: Thread finished: Add Visit Load 1-123
2026-08-04 21:50:04,102 INFO o.a.j.t.JMeterThread: Thread started: Add Visit Load 1-134
2026-08-04 21:50:04,112 INFO o.a.j.t.JMeterThread: Thread is done: Add Visit Load 1-112
2026-08-04 21:50:04,112 INFO o.a.j.t.JMeterThread: Thread finished: Add Visit Load 1-112
2026-08-04 21:50:04,113 INFO o.a.j.t.JMeterThread: Thread is done: Add Visit Load 1-82
2026-08-04 21:50:04,114 INFO o.a.j.t.JMeterThread: Thread finished: Add Visit Load 1-82
2026-08-04 21:50:04,115 INFO o.a.j.t.JMeterThread: Thread is done: Add Visit Load 1-106
2026-08-04 21:50:04,115 INFO o.a.j.t.JMeterThread: Thread finished: Add Visit Load 1-106
2026-08-04 21:50:04,125 INFO o.a.j.t.JMeterThread: Thread is done: Add Visit Load 1-108
2026-08-04 21:50:04,125 INFO o.a.j.t.JMeterThread: Thread finished: Add Visit Load 1-108
2026-08-04 21:50:04,176 INFO o.a.j.t.JMeterThread: Thread started: Add Visit Load 1-135
2026-08-04 21:50:04,234 INFO o.a.j.t.JMeterThread: Thread is done: Add Visit Load 1-113
2026-08-04 21:50:04,234 INFO o.a.j.t.JMeterThread: Thread finished: Add Visit Load 1-113
2026-08-04 21:50:04,240 INFO o.a.j.t.JMeterThread: Thread is done: Add Visit Load 1-127
2026-08-04 21:50:04,240 INFO o.a.j.t.JMeterThread: Thread finished: Add Visit Load 1-127
2026-08-04 21:50:04,243 INFO o.a.j.t.JMeterThread: Thread is done: Add Visit Load 1-101
2026-08-04 21:50:04,244 INFO o.a.j.t.JMeterThread: Thread finished: Add Visit Load 1-101
2026-08-04 21:50:04,268 INFO o.a.j.t.JMeterThread: Thread started: Add Visit Load 1-136
2026-08-04 21:50:04,297 INFO o.a.j.t.JMeterThread: Thread is done: Add Visit Load 1-126
2026-08-04 21:50:04,297 INFO o.a.j.t.JMeterThread: Thread finished: Add Visit Load 1-126
2026-08-04 21:50:04,363 INFO o.a.j.t.JMeterThread: Thread started: Add Visit Load 1-137
2026-08-04 21:50:04,458 INFO o.a.j.t.JMeterThread: Thread started: Add Visit Load 1-138
2026-08-04 21:50:04,543 INFO o.a.j.t.JMeterThread: Thread started: Add Visit Load 1-139
2026-08-04 21:50:04,630 INFO o.a.j.t.JMeterThread: Thread started: Add Visit Load 1-140
2026-08-04 21:50:04,719 INFO o.a.j.t.JMeterThread: Thread started: Add Visit Load 1-141
2026-08-04 21:50:04,810 INFO o.a.j.t.JMeterThread: Thread started: Add Visit Load 1-142
2026-08-04 21:50:04,900 INFO o.a.j.t.JMeterThread: Thread started: Add Visit Load 1-143
2026-08-04 21:50:04,989 INFO o.a.j.t.JMeterThread: Thread started: Add Visit Load 1-144
2026-08-04 21:50:05,079 INFO o.a.j.t.JMeterThread: Thread started: Add Visit Load 1-145
2026-08-04 21:50:05,167 INFO o.a.j.t.JMeterThread: Thread started: Add Visit Load 1-146
2026-08-04 21:50:05,258 INFO o.a.j.t.JMeterThread: Thread started: Add Visit Load 1-147
2026-08-04 21:50:05,346 INFO o.a.j.t.JMeterThread: Thread started: Add Visit Load 1-148
2026-08-04 21:50:05,437 INFO o.a.j.t.JMeterThread: Thread started: Add Visit Load 1-149
2026-08-04 21:50:05,527 INFO o.a.j.t.JMeterThread: Thread started: Add Visit Load 1-150
2026-08-04 21:50:05,618 INFO o.a.j.t.JMeterThread: Thread started: Add Visit Load 1-151
2026-08-04 21:50:05,705 INFO o.a.j.t.JMeterThread: Thread started: Add Visit Load 1-152
2026-08-04 21:50:05,795 INFO o.a.j.t.JMeterThread: Thread started: Add Visit Load 1-153
2026-08-04 21:50:05,895 INFO o.a.j.t.JMeterThread: Thread started: Add Visit Load 1-154
2026-08-04 21:50:05,975 INFO o.a.j.t.JMeterThread: Thread started: Add Visit Load 1-155
2026-08-04 21:50:06,058 INFO o.a.j.t.JMeterThread: Thread started: Add Visit Load 1-156
2026-08-04 21:50:06,154 INFO o.a.j.t.JMeterThread: Thread started: Add Visit Load 1-157
2026-08-04 21:50:06,243 INFO o.a.j.t.JMeterThread: Thread started: Add Visit Load 1-158
2026-08-04 21:50:06,326 INFO o.a.j.t.JMeterThread: Thread started: Add Visit Load 1-159
2026-08-04 21:50:06,424 INFO o.a.j.t.JMeterThread: Thread started: Add Visit Load 1-160
2026-08-04 21:50:06,513 INFO o.a.j.t.JMeterThread: Thread started: Add Visit Load 1-161
2026-08-04 21:50:06,602 INFO o.a.j.t.JMeterThread: Thread started: Add Visit Load 1-162
2026-08-04 21:50:06,690 INFO o.a.j.t.JMeterThread: Thread started: Add Visit Load 1-163
2026-08-04 21:50:06,781 INFO o.a.j.t.JMeterThread: Thread started: Add Visit Load 1-164
2026-08-04 21:50:06,870 INFO o.a.j.t.JMeterThread: Thread started: Add Visit Load 1-165
2026-08-04 21:50:06,968 INFO o.a.j.t.JMeterThread: Thread started: Add Visit Load 1-166
2026-08-04 21:50:07,050 INFO o.a.j.t.JMeterThread: Thread started: Add Visit Load 1-167
2026-08-04 21:50:07,138 INFO o.a.j.t.JMeterThread: Thread started: Add Visit Load 1-168
2026-08-04 21:50:07,236 INFO o.a.j.t.JMeterThread: Thread started: Add Visit Load 1-169
2026-08-04 21:50:07,318 INFO o.a.j.t.JMeterThread: Thread started: Add Visit Load 1-170
2026-08-04 21:50:07,407 INFO o.a.j.t.JMeterThread: Thread started: Add Visit Load 1-171
2026-08-04 21:50:07,497 INFO o.a.j.t.JMeterThread: Thread started: Add Visit Load 1-172
2026-08-04 21:50:07,590 INFO o.a.j.t.JMeterThread: Thread started: Add Visit Load 1-173
2026-08-04 21:50:07,680 INFO o.a.j.t.JMeterThread: Thread started: Add Visit Load 1-174
2026-08-04 21:50:07,766 INFO o.a.j.t.JMeterThread: Thread started: Add Visit Load 1-175
2026-08-04 21:50:07,829 INFO o.a.j.t.JMeterThread: Thread is done: Add Visit Load 1-57
2026-08-04 21:50:07,829 INFO o.a.j.t.JMeterThread: Thread finished: Add Visit Load 1-57
2026-08-04 21:50:07,843 INFO o.a.j.t.JMeterThread: Thread started: Add Visit Load 1-176
2026-08-04 21:50:07,945 INFO o.a.j.t.JMeterThread: Thread started: Add Visit Load 1-177
2026-08-04 21:50:08,034 INFO o.a.j.t.JMeterThread: Thread started: Add Visit Load 1-178
2026-08-04 21:50:08,081 INFO o.a.j.t.JMeterThread: Thread is done: Add Visit Load 1-160
2026-08-04 21:50:08,081 INFO o.a.j.t.JMeterThread: Thread finished: Add Visit Load 1-160
2026-08-04 21:50:08,122 INFO o.a.j.t.JMeterThread: Thread started: Add Visit Load 1-179
2026-08-04 21:50:08,186 INFO o.a.j.t.JMeterThread: Thread is done: Add Visit Load 1-136
2026-08-04 21:50:08,186 INFO o.a.j.t.JMeterThread: Thread finished: Add Visit Load 1-136
2026-08-04 21:50:08,213 INFO o.a.j.t.JMeterThread: Thread is done: Add Visit Load 1-172
2026-08-04 21:50:08,214 INFO o.a.j.t.JMeterThread: Thread finished: Add Visit Load 1-172
2026-08-04 21:50:08,214 INFO o.a.j.t.JMeterThread: Thread started: Add Visit Load 1-180
2026-08-04 21:50:08,304 INFO o.a.j.t.JMeterThread: Thread started: Add Visit Load 1-181
2026-08-04 21:50:08,394 INFO o.a.j.t.JMeterThread: Thread started: Add Visit Load 1-182
2026-08-04 21:50:08,427 INFO o.a.j.t.JMeterThread: Thread is done: Add Visit Load 1-171
2026-08-04 21:50:08,427 INFO o.a.j.t.JMeterThread: Thread finished: Add Visit Load 1-171
2026-08-04 21:50:08,479 INFO o.a.j.t.JMeterThread: Thread started: Add Visit Load 1-183
2026-08-04 21:50:08,572 INFO o.a.j.t.JMeterThread: Thread started: Add Visit Load 1-184
2026-08-04 21:50:08,662 INFO o.a.j.t.JMeterThread: Thread started: Add Visit Load 1-185
2026-08-04 21:50:08,753 INFO o.a.j.t.JMeterThread: Thread started: Add Visit Load 1-186
2026-08-04 21:50:08,796 INFO o.a.j.t.JMeterThread: Thread is done: Add Visit Load 1-137
2026-08-04 21:50:08,796 INFO o.a.j.t.JMeterThread: Thread finished: Add Visit Load 1-137
2026-08-04 21:50:08,840 INFO o.a.j.t.JMeterThread: Thread is done: Add Visit Load 1-139
2026-08-04 21:50:08,840 INFO o.a.j.t.JMeterThread: Thread started: Add Visit Load 1-187
2026-08-04 21:50:08,840 INFO o.a.j.t.JMeterThread: Thread finished: Add Visit Load 1-139
2026-08-04 21:50:08,877 INFO o.a.j.t.JMeterThread: Thread is done: Add Visit Load 1-173
2026-08-04 21:50:08,877 INFO o.a.j.t.JMeterThread: Thread finished: Add Visit Load 1-173
2026-08-04 21:50:08,908 INFO o.a.j.t.JMeterThread: Thread is done: Add Visit Load 1-78
2026-08-04 21:50:08,908 INFO o.a.j.t.JMeterThread: Thread finished: Add Visit Load 1-78
2026-08-04 21:50:08,921 INFO o.a.j.t.JMeterThread: Thread started: Add Visit Load 1-188
2026-08-04 21:50:08,950 INFO o.a.j.t.JMeterThread: Thread is done: Add Visit Load 1-99
2026-08-04 21:50:08,950 INFO o.a.j.t.JMeterThread: Thread finished: Add Visit Load 1-99
2026-08-04 21:50:09,021 INFO o.a.j.t.JMeterThread: Thread started: Add Visit Load 1-189
2026-08-04 21:50:09,070 INFO o.a.j.t.JMeterThread: Thread started: Add Visit Load 1-190
2026-08-04 21:50:09,079 INFO o.a.j.t.JMeterThread: Thread is done: Add Visit Load 1-150
2026-08-04 21:50:09,079 INFO o.a.j.t.JMeterThread: Thread finished: Add Visit Load 1-150
2026-08-04 21:50:09,194 INFO o.a.j.t.JMeterThread: Thread started: Add Visit Load 1-191
2026-08-04 21:50:09,289 INFO o.a.j.t.JMeterThread: Thread started: Add Visit Load 1-192
2026-08-04 21:50:09,379 INFO o.a.j.t.JMeterThread: Thread started: Add Visit Load 1-193
2026-08-04 21:50:09,469 INFO o.a.j.t.JMeterThread: Thread started: Add Visit Load 1-194
2026-08-04 21:50:09,557 INFO o.a.j.t.JMeterThread: Thread started: Add Visit Load 1-195
2026-08-04 21:50:09,637 INFO o.a.j.t.JMeterThread: Thread started: Add Visit Load 1-196
2026-08-04 21:50:09,738 INFO o.a.j.t.JMeterThread: Thread started: Add Visit Load 1-197
2026-08-04 21:50:09,787 INFO o.a.j.t.JMeterThread: Thread started: Add Visit Load 1-198
2026-08-04 21:50:09,916 INFO o.a.j.t.JMeterThread: Thread started: Add Visit Load 1-199
2026-08-04 21:50:09,992 INFO o.a.j.t.JMeterThread: Thread started: Add Visit Load 1-200
2026-08-04 21:50:10,097 INFO o.a.j.t.JMeterThread: Thread started: Add Visit Load 1-201
2026-08-04 21:50:10,187 INFO o.a.j.t.JMeterThread: Thread started: Add Visit Load 1-202
2026-08-04 21:50:10,275 INFO o.a.j.t.JMeterThread: Thread started: Add Visit Load 1-203
2026-08-04 21:50:10,364 INFO o.a.j.t.JMeterThread: Thread started: Add Visit Load 1-204
2026-08-04 21:50:10,455 INFO o.a.j.t.JMeterThread: Thread started: Add Visit Load 1-205
2026-08-04 21:50:10,545 INFO o.a.j.t.JMeterThread: Thread started: Add Visit Load 1-206
2026-08-04 21:50:10,631 INFO o.a.j.t.JMeterThread: Thread started: Add Visit Load 1-207
2026-08-04 21:50:10,721 INFO o.a.j.t.JMeterThread: Thread started: Add Visit Load 1-208
2026-08-04 21:50:10,813 INFO o.a.j.t.JMeterThread: Thread started: Add Visit Load 1-209
2026-08-04 21:50:10,902 INFO o.a.j.t.JMeterThread: Thread started: Add Visit Load 1-210
2026-08-04 21:50:10,990 INFO o.a.j.t.JMeterThread: Thread started: Add Visit Load 1-211
2026-08-04 21:50:11,079 INFO o.a.j.t.JMeterThread: Thread started: Add Visit Load 1-212
2026-08-04 21:50:11,170 INFO o.a.j.t.JMeterThread: Thread started: Add Visit Load 1-213
2026-08-04 21:50:11,260 INFO o.a.j.t.JMeterThread: Thread started: Add Visit Load 1-214
2026-08-04 21:50:11,347 INFO o.a.j.t.JMeterThread: Thread started: Add Visit Load 1-215
2026-08-04 21:50:11,429 INFO o.a.j.t.JMeterThread: Thread started: Add Visit Load 1-216
2026-08-04 21:50:11,527 INFO o.a.j.t.JMeterThread: Thread started: Add Visit Load 1-217
2026-08-04 21:50:11,582 INFO o.a.j.t.JMeterThread: Thread started: Add Visit Load 1-218
2026-08-04 21:50:11,610 INFO o.a.j.t.JMeterThread: Thread is done: Add Visit Load 1-161
2026-08-04 21:50:11,610 INFO o.a.j.t.JMeterThread: Thread finished: Add Visit Load 1-161
2026-08-04 21:50:11,706 INFO o.a.j.t.JMeterThread: Thread started: Add Visit Load 1-219
2026-08-04 21:50:11,720 INFO o.a.j.t.JMeterThread: Thread is done: Add Visit Load 1-98
2026-08-04 21:50:11,720 INFO o.a.j.t.JMeterThread: Thread finished: Add Visit Load 1-98
2026-08-04 21:50:11,796 INFO o.a.j.t.JMeterThread: Thread started: Add Visit Load 1-220
2026-08-04 21:50:11,888 INFO o.a.j.t.JMeterThread: Thread started: Add Visit Load 1-221
2026-08-04 21:50:11,976 INFO o.a.j.t.JMeterThread: Thread started: Add Visit Load 1-222
2026-08-04 21:50:12,064 INFO o.a.j.t.JMeterThread: Thread started: Add Visit Load 1-223
2026-08-04 21:50:12,140 INFO o.a.j.t.JMeterThread: Thread started: Add Visit Load 1-224
2026-08-04 21:50:12,246 INFO o.a.j.t.JMeterThread: Thread started: Add Visit Load 1-225
2026-08-04 21:50:12,334 INFO o.a.j.t.JMeterThread: Thread started: Add Visit Load 1-226
2026-08-04 21:50:12,422 INFO o.a.j.t.JMeterThread: Thread started: Add Visit Load 1-227
2026-08-04 21:50:12,511 INFO o.a.j.t.JMeterThread: Thread started: Add Visit Load 1-228
2026-08-04 21:50:12,604 INFO o.a.j.t.JMeterThread: Thread started: Add Visit Load 1-229
2026-08-04 21:50:12,694 INFO o.a.j.t.JMeterThread: Thread started: Add Visit Load 1-230
2026-08-04 21:50:12,781 INFO o.a.j.t.JMeterThread: Thread started: Add Visit Load 1-231
2026-08-04 21:50:12,870 INFO o.a.j.t.JMeterThread: Thread started: Add Visit Load 1-232
2026-08-04 21:50:12,923 INFO o.a.j.t.JMeterThread: Thread started: Add Visit Load 1-233
2026-08-04 21:50:13,052 INFO o.a.j.t.JMeterThread: Thread started: Add Visit Load 1-234
2026-08-04 21:50:13,138 INFO o.a.j.t.JMeterThread: Thread started: Add Visit Load 1-235
2026-08-04 21:50:13,182 INFO o.a.j.t.JMeterThread: Thread started: Add Visit Load 1-236
2026-08-04 21:50:13,322 INFO o.a.j.t.JMeterThread: Thread started: Add Visit Load 1-237
2026-08-04 21:50:13,406 INFO o.a.j.t.JMeterThread: Thread started: Add Visit Load 1-238
2026-08-04 21:50:13,496 INFO o.a.j.t.JMeterThread: Thread started: Add Visit Load 1-239
2026-08-04 21:50:13,616 INFO o.a.j.t.JMeterThread: Thread started: Add Visit Load 1-240
2026-08-04 21:50:13,676 INFO o.a.j.t.JMeterThread: Thread started: Add Visit Load 1-241
2026-08-04 21:50:13,765 INFO o.a.j.t.JMeterThread: Thread started: Add Visit Load 1-242
2026-08-04 21:50:13,859 INFO o.a.j.t.JMeterThread: Thread started: Add Visit Load 1-243
2026-08-04 21:50:13,941 INFO o.a.j.t.JMeterThread: Thread started: Add Visit Load 1-244
2026-08-04 21:50:14,035 INFO o.a.j.t.JMeterThread: Thread started: Add Visit Load 1-245
2026-08-04 21:50:14,124 INFO o.a.j.t.JMeterThread: Thread started: Add Visit Load 1-246
2026-08-04 21:50:14,211 INFO o.a.j.t.JMeterThread: Thread started: Add Visit Load 1-247
2026-08-04 21:50:14,300 INFO o.a.j.t.JMeterThread: Thread started: Add Visit Load 1-248
2026-08-04 21:50:14,392 INFO o.a.j.t.JMeterThread: Thread started: Add Visit Load 1-249
2026-08-04 21:50:14,488 INFO o.a.j.t.JMeterThread: Thread started: Add Visit Load 1-250
2026-08-04 21:50:14,569 INFO o.a.j.t.JMeterThread: Thread started: Add Visit Load 1-251
2026-08-04 21:50:14,661 INFO o.a.j.t.JMeterThread: Thread started: Add Visit Load 1-252
2026-08-04 21:50:14,754 INFO o.a.j.t.JMeterThread: Thread started: Add Visit Load 1-253
2026-08-04 21:50:14,841 INFO o.a.j.t.JMeterThread: Thread started: Add Visit Load 1-254
2026-08-04 21:50:14,929 INFO o.a.j.t.JMeterThread: Thread started: Add Visit Load 1-255
2026-08-04 21:50:15,018 INFO o.a.j.t.JMeterThread: Thread started: Add Visit Load 1-256
2026-08-04 21:50:15,112 INFO o.a.j.t.JMeterThread: Thread started: Add Visit Load 1-257
2026-08-04 21:50:15,198 INFO o.a.j.t.JMeterThread: Thread started: Add Visit Load 1-258
2026-08-04 21:50:15,285 INFO o.a.j.t.JMeterThread: Thread started: Add Visit Load 1-259
2026-08-04 21:50:15,377 INFO o.a.j.t.JMeterThread: Thread started: Add Visit Load 1-260
2026-08-04 21:50:15,472 INFO o.a.j.t.JMeterThread: Thread started: Add Visit Load 1-261
2026-08-04 21:50:15,558 INFO o.a.j.t.JMeterThread: Thread started: Add Visit Load 1-262
2026-08-04 21:50:15,646 INFO o.a.j.t.JMeterThread: Thread started: Add Visit Load 1-263
2026-08-04 21:50:15,736 INFO o.a.j.t.JMeterThread: Thread started: Add Visit Load 1-264
2026-08-04 21:50:15,826 INFO o.a.j.t.JMeterThread: Thread started: Add Visit Load 1-265
2026-08-04 21:50:15,916 INFO o.a.j.t.JMeterThread: Thread started: Add Visit Load 1-266
2026-08-04 21:50:16,001 INFO o.a.j.t.JMeterThread: Thread started: Add Visit Load 1-267
2026-08-04 21:50:16,090 INFO o.a.j.t.JMeterThread: Thread started: Add Visit Load 1-268
2026-08-04 21:50:16,190 INFO o.a.j.t.JMeterThread: Thread started: Add Visit Load 1-269
2026-08-04 21:50:16,275 INFO o.a.j.t.JMeterThread: Thread started: Add Visit Load 1-270
2026-08-04 21:50:16,363 INFO o.a.j.t.JMeterThread: Thread started: Add Visit Load 1-271
2026-08-04 21:50:16,453 INFO o.a.j.t.JMeterThread: Thread started: Add Visit Load 1-272
2026-08-04 21:50:16,542 INFO o.a.j.t.JMeterThread: Thread started: Add Visit Load 1-273
2026-08-04 21:50:16,637 INFO o.a.j.t.JMeterThread: Thread started: Add Visit Load 1-274
2026-08-04 21:50:16,715 INFO o.a.j.t.JMeterThread: Thread started: Add Visit Load 1-275
2026-08-04 21:50:16,811 INFO o.a.j.t.JMeterThread: Thread started: Add Visit Load 1-276
2026-08-04 21:50:16,902 INFO o.a.j.t.JMeterThread: Thread started: Add Visit Load 1-277
2026-08-04 21:50:16,928 INFO o.a.j.t.JMeterThread: Thread is done: Add Visit Load 1-128
2026-08-04 21:50:16,928 INFO o.a.j.t.JMeterThread: Thread finished: Add Visit Load 1-128
2026-08-04 21:50:16,991 INFO o.a.j.t.JMeterThread: Thread started: Add Visit Load 1-278
2026-08-04 21:50:17,017 INFO o.a.j.t.JMeterThread: Thread is done: Add Visit Load 1-143
2026-08-04 21:50:17,017 INFO o.a.j.t.JMeterThread: Thread finished: Add Visit Load 1-143
2026-08-04 21:50:17,080 INFO o.a.j.t.JMeterThread: Thread started: Add Visit Load 1-279
2026-08-04 21:50:17,170 INFO o.a.j.t.JMeterThread: Thread started: Add Visit Load 1-280
2026-08-04 21:50:17,196 INFO o.a.j.t.JMeterThread: Thread is done: Add Visit Load 1-162
2026-08-04 21:50:17,196 INFO o.a.j.t.JMeterThread: Thread finished: Add Visit Load 1-162
2026-08-04 21:50:17,260 INFO o.a.j.t.JMeterThread: Thread started: Add Visit Load 1-281
2026-08-04 21:50:17,290 INFO o.a.j.t.JMeterThread: Thread is done: Add Visit Load 1-211
2026-08-04 21:50:17,290 INFO o.a.j.t.JMeterThread: Thread finished: Add Visit Load 1-211
2026-08-04 21:50:17,381 INFO o.a.j.t.JMeterThread: Thread started: Add Visit Load 1-282
2026-08-04 21:50:17,440 INFO o.a.j.t.JMeterThread: Thread started: Add Visit Load 1-283
2026-08-04 21:50:17,529 INFO o.a.j.t.JMeterThread: Thread started: Add Visit Load 1-284
2026-08-04 21:50:17,619 INFO o.a.j.t.JMeterThread: Thread started: Add Visit Load 1-285
2026-08-04 21:50:17,695 INFO o.a.j.t.JMeterThread: Thread is done: Add Visit Load 1-263
2026-08-04 21:50:17,695 INFO o.a.j.t.JMeterThread: Thread finished: Add Visit Load 1-263
2026-08-04 21:50:17,709 INFO o.a.j.t.JMeterThread: Thread started: Add Visit Load 1-286
2026-08-04 21:50:17,816 INFO o.a.j.t.JMeterThread: Thread started: Add Visit Load 1-287
2026-08-04 21:50:17,886 INFO o.a.j.t.JMeterThread: Thread started: Add Visit Load 1-288
2026-08-04 21:50:17,943 INFO o.a.j.t.JMeterThread: Thread is done: Add Visit Load 1-138
2026-08-04 21:50:17,943 INFO o.a.j.t.JMeterThread: Thread finished: Add Visit Load 1-138
2026-08-04 21:50:17,982 INFO o.a.j.t.JMeterThread: Thread started: Add Visit Load 1-289
2026-08-04 21:50:18,072 INFO o.a.j.t.JMeterThread: Thread started: Add Visit Load 1-290
2026-08-04 21:50:18,156 INFO o.a.j.t.JMeterThread: Thread started: Add Visit Load 1-291
2026-08-04 21:50:18,198 INFO o.a.j.t.JMeterThread: Thread is done: Add Visit Load 1-174
2026-08-04 21:50:18,198 INFO o.a.j.t.JMeterThread: Thread finished: Add Visit Load 1-174
2026-08-04 21:50:18,201 INFO o.a.j.t.JMeterThread: Thread is done: Add Visit Load 1-73
2026-08-04 21:50:18,201 INFO o.a.j.t.JMeterThread: Thread finished: Add Visit Load 1-73
2026-08-04 21:50:18,246 INFO o.a.j.t.JMeterThread: Thread started: Add Visit Load 1-292
2026-08-04 21:50:18,337 INFO o.a.j.t.JMeterThread: Thread started: Add Visit Load 1-293
2026-08-04 21:50:18,426 INFO o.a.j.t.JMeterThread: Thread started: Add Visit Load 1-294
2026-08-04 21:50:18,548 INFO o.a.j.t.JMeterThread: Thread started: Add Visit Load 1-295
2026-08-04 21:50:18,605 INFO o.a.j.t.JMeterThread: Thread started: Add Visit Load 1-296
2026-08-04 21:50:18,693 INFO o.a.j.t.JMeterThread: Thread started: Add Visit Load 1-297
2026-08-04 21:50:18,784 INFO o.a.j.t.JMeterThread: Thread started: Add Visit Load 1-298
2026-08-04 21:50:18,873 INFO o.a.j.t.JMeterThread: Thread started: Add Visit Load 1-299
2026-08-04 21:50:18,962 INFO o.a.j.t.JMeterThread: Thread started: Add Visit Load 1-300
2026-08-04 21:50:19,057 INFO o.a.j.t.JMeterThread: Thread started: Add Visit Load 1-301
2026-08-04 21:50:19,141 INFO o.a.j.t.JMeterThread: Thread started: Add Visit Load 1-302
2026-08-04 21:50:19,244 INFO o.a.j.t.JMeterThread: Thread started: Add Visit Load 1-303
2026-08-04 21:50:19,312 INFO o.a.j.t.JMeterThread: Thread started: Add Visit Load 1-304
2026-08-04 21:50:19,410 INFO o.a.j.t.JMeterThread: Thread started: Add Visit Load 1-305
2026-08-04 21:50:19,505 INFO o.a.j.t.JMeterThread: Thread started: Add Visit Load 1-306
2026-08-04 21:50:19,589 INFO o.a.j.t.JMeterThread: Thread started: Add Visit Load 1-307
2026-08-04 21:50:19,669 INFO o.a.j.t.JMeterThread: Thread started: Add Visit Load 1-308
2026-08-04 21:50:19,770 INFO o.a.j.t.JMeterThread: Thread started: Add Visit Load 1-309
2026-08-04 21:50:19,859 INFO o.a.j.t.JMeterThread: Thread started: Add Visit Load 1-310
2026-08-04 21:50:19,948 INFO o.a.j.t.JMeterThread: Thread started: Add Visit Load 1-311
2026-08-04 21:50:20,037 INFO o.a.j.t.JMeterThread: Thread started: Add Visit Load 1-312
2026-08-04 21:50:20,128 INFO o.a.j.t.JMeterThread: Thread started: Add Visit Load 1-313
2026-08-04 21:50:20,217 INFO o.a.j.t.JMeterThread: Thread started: Add Visit Load 1-314
2026-08-04 21:50:20,304 INFO o.a.j.t.JMeterThread: Thread started: Add Visit Load 1-315
2026-08-04 21:50:20,343 INFO o.a.j.t.JMeterThread: Thread is done: Add Visit Load 1-237
2026-08-04 21:50:20,343 INFO o.a.j.t.JMeterThread: Thread finished: Add Visit Load 1-237
2026-08-04 21:50:20,395 INFO o.a.j.t.JMeterThread: Thread started: Add Visit Load 1-316
2026-08-04 21:50:20,486 INFO o.a.j.t.JMeterThread: Thread started: Add Visit Load 1-317
2026-08-04 21:50:20,574 INFO o.a.j.t.JMeterThread: Thread started: Add Visit Load 1-318
2026-08-04 21:50:20,666 INFO o.a.j.t.JMeterThread: Thread started: Add Visit Load 1-319
2026-08-04 21:50:20,753 INFO o.a.j.t.JMeterThread: Thread started: Add Visit Load 1-320
2026-08-04 21:50:20,825 INFO o.a.j.t.JMeterThread: Thread is done: Add Visit Load 1-214
2026-08-04 21:50:20,825 INFO o.a.j.t.JMeterThread: Thread finished: Add Visit Load 1-214
2026-08-04 21:50:20,843 INFO o.a.j.t.JMeterThread: Thread started: Add Visit Load 1-321
2026-08-04 21:50:20,932 INFO o.a.j.t.JMeterThread: Thread started: Add Visit Load 1-322
2026-08-04 21:50:21,021 INFO o.a.j.t.JMeterThread: Thread started: Add Visit Load 1-323
2026-08-04 21:50:21,098 INFO o.a.j.t.JMeterThread: Thread started: Add Visit Load 1-324
2026-08-04 21:50:21,178 INFO o.a.j.t.JMeterThread: Thread is done: Add Visit Load 1-70
2026-08-04 21:50:21,178 INFO o.a.j.t.JMeterThread: Thread finished: Add Visit Load 1-70
2026-08-04 21:50:21,201 INFO o.a.j.t.JMeterThread: Thread started: Add Visit Load 1-325
2026-08-04 21:50:21,292 INFO o.a.j.t.JMeterThread: Thread started: Add Visit Load 1-326
2026-08-04 21:50:21,381 INFO o.a.j.t.JMeterThread: Thread started: Add Visit Load 1-327
2026-08-04 21:50:21,472 INFO o.a.j.t.JMeterThread: Thread started: Add Visit Load 1-328
2026-08-04 21:50:21,560 INFO o.a.j.t.JMeterThread: Thread started: Add Visit Load 1-329
2026-08-04 21:50:21,636 INFO o.a.j.t.JMeterThread: Thread started: Add Visit Load 1-330
2026-08-04 21:50:21,739 INFO o.a.j.t.JMeterThread: Thread started: Add Visit Load 1-331
2026-08-04 21:50:21,829 INFO o.a.j.t.JMeterThread: Thread started: Add Visit Load 1-332
2026-08-04 21:50:21,920 INFO o.a.j.t.JMeterThread: Thread started: Add Visit Load 1-333
2026-08-04 21:50:22,010 INFO o.a.j.t.JMeterThread: Thread started: Add Visit Load 1-334
2026-08-04 21:50:22,098 INFO o.a.j.t.JMeterThread: Thread started: Add Visit Load 1-335
2026-08-04 21:50:22,199 INFO o.a.j.t.JMeterThread: Thread started: Add Visit Load 1-336
2026-08-04 21:50:22,277 INFO o.a.j.t.JMeterThread: Thread started: Add Visit Load 1-337
2026-08-04 21:50:22,372 INFO o.a.j.t.JMeterThread: Thread started: Add Visit Load 1-338
2026-08-04 21:50:22,455 INFO o.a.j.t.JMeterThread: Thread started: Add Visit Load 1-339
2026-08-04 21:50:22,545 INFO o.a.j.t.JMeterThread: Thread started: Add Visit Load 1-340
2026-08-04 21:50:22,639 INFO o.a.j.t.JMeterThread: Thread started: Add Visit Load 1-341
2026-08-04 21:50:22,728 INFO o.a.j.t.JMeterThread: Thread started: Add Visit Load 1-342
2026-08-04 21:50:22,800 INFO o.a.j.t.JMeterThread: Thread started: Add Visit Load 1-343
2026-08-04 21:50:22,903 INFO o.a.j.t.JMeterThread: Thread started: Add Visit Load 1-344
2026-08-04 21:50:22,993 INFO o.a.j.t.JMeterThread: Thread started: Add Visit Load 1-345
2026-08-04 21:50:23,086 INFO o.a.j.t.JMeterThread: Thread started: Add Visit Load 1-346
2026-08-04 21:50:23,206 INFO o.a.j.t.JMeterThread: Thread started: Add Visit Load 1-347
2026-08-04 21:50:23,261 INFO o.a.j.t.JMeterThread: Thread started: Add Visit Load 1-348
2026-08-04 21:50:23,348 INFO o.a.j.t.JMeterThread: Thread is done: Add Visit Load 1-209
2026-08-04 21:50:23,348 INFO o.a.j.t.JMeterThread: Thread finished: Add Visit Load 1-209
2026-08-04 21:50:23,352 INFO o.a.j.t.JMeterThread: Thread started: Add Visit Load 1-349
2026-08-04 21:50:23,441 INFO o.a.j.t.JMeterThread: Thread started: Add Visit Load 1-350
2026-08-04 21:50:23,531 INFO o.a.j.t.JMeterThread: Thread started: Add Visit Load 1-351
2026-08-04 21:50:23,599 INFO o.a.j.t.JMeterThread: Thread is done: Add Visit Load 1-122
2026-08-04 21:50:23,599 INFO o.a.j.t.JMeterThread: Thread finished: Add Visit Load 1-122
2026-08-04 21:50:23,619 INFO o.a.j.t.JMeterThread: Thread started: Add Visit Load 1-352
2026-08-04 21:50:23,678 INFO o.a.j.t.JMeterThread: Thread is done: Add Visit Load 1-210
2026-08-04 21:50:23,678 INFO o.a.j.t.JMeterThread: Thread finished: Add Visit Load 1-210
2026-08-04 21:50:23,712 INFO o.a.j.t.JMeterThread: Thread started: Add Visit Load 1-353
2026-08-04 21:50:23,790 INFO o.a.j.t.JMeterThread: Thread is done: Add Visit Load 1-159
2026-08-04 21:50:23,791 INFO o.a.j.t.JMeterThread: Thread finished: Add Visit Load 1-159
2026-08-04 21:50:23,801 INFO o.a.j.t.JMeterThread: Thread started: Add Visit Load 1-354
2026-08-04 21:50:23,828 INFO o.a.j.t.JMeterThread: Thread is done: Add Visit Load 1-102
2026-08-04 21:50:23,828 INFO o.a.j.t.JMeterThread: Thread finished: Add Visit Load 1-102
2026-08-04 21:50:23,831 INFO o.a.j.t.JMeterThread: Thread is done: Add Visit Load 1-125
2026-08-04 21:50:23,831 INFO o.a.j.t.JMeterThread: Thread finished: Add Visit Load 1-125
2026-08-04 21:50:23,871 INFO o.a.j.t.JMeterThread: Thread started: Add Visit Load 1-355
2026-08-04 21:50:23,978 INFO o.a.j.t.JMeterThread: Thread started: Add Visit Load 1-356
2026-08-04 21:50:24,025 INFO o.a.j.t.JMeterThread: Thread is done: Add Visit Load 1-306
2026-08-04 21:50:24,025 INFO o.a.j.t.JMeterThread: Thread finished: Add Visit Load 1-306
2026-08-04 21:50:24,068 INFO o.a.j.t.JMeterThread: Thread started: Add Visit Load 1-357
2026-08-04 21:50:24,156 INFO o.a.j.t.JMeterThread: Thread started: Add Visit Load 1-358
2026-08-04 21:50:24,171 INFO o.a.j.t.JMeterThread: Thread is done: Add Visit Load 1-200
2026-08-04 21:50:24,171 INFO o.a.j.t.JMeterThread: Thread finished: Add Visit Load 1-200
2026-08-04 21:50:24,246 INFO o.a.j.t.JMeterThread: Thread started: Add Visit Load 1-359
2026-08-04 21:50:24,335 INFO o.a.j.t.JMeterThread: Thread started: Add Visit Load 1-360
2026-08-04 21:50:24,425 INFO o.a.j.t.JMeterThread: Thread started: Add Visit Load 1-361
2026-08-04 21:50:24,513 INFO o.a.j.t.JMeterThread: Thread started: Add Visit Load 1-362
2026-08-04 21:50:24,514 INFO o.a.j.t.JMeterThread: Thread is done: Add Visit Load 1-132
2026-08-04 21:50:24,514 INFO o.a.j.t.JMeterThread: Thread finished: Add Visit Load 1-132
2026-08-04 21:50:24,604 INFO o.a.j.t.JMeterThread: Thread started: Add Visit Load 1-363
2026-08-04 21:50:24,692 INFO o.a.j.t.JMeterThread: Thread started: Add Visit Load 1-364
2026-08-04 21:50:24,782 INFO o.a.j.t.JMeterThread: Thread started: Add Visit Load 1-365
2026-08-04 21:50:24,872 INFO o.a.j.t.JMeterThread: Thread started: Add Visit Load 1-366
2026-08-04 21:50:24,959 INFO o.a.j.t.JMeterThread: Thread started: Add Visit Load 1-367
2026-08-04 21:50:24,959 INFO o.a.j.t.JMeterThread: Thread is done: Add Visit Load 1-145
2026-08-04 21:50:24,959 INFO o.a.j.t.JMeterThread: Thread finished: Add Visit Load 1-145
2026-08-04 21:50:25,048 INFO o.a.j.t.JMeterThread: Thread started: Add Visit Load 1-368
2026-08-04 21:50:25,144 INFO o.a.j.t.JMeterThread: Thread started: Add Visit Load 1-369
2026-08-04 21:50:25,232 INFO o.a.j.t.JMeterThread: Thread started: Add Visit Load 1-370
2026-08-04 21:50:25,295 INFO o.a.j.t.JMeterThread: Thread is done: Add Visit Load 1-131
2026-08-04 21:50:25,295 INFO o.a.j.t.JMeterThread: Thread finished: Add Visit Load 1-131
2026-08-04 21:50:25,319 INFO o.a.j.t.JMeterThread: Thread started: Add Visit Load 1-371
2026-08-04 21:50:25,413 INFO o.a.j.t.JMeterThread: Thread started: Add Visit Load 1-372
2026-08-04 21:50:25,500 INFO o.a.j.t.JMeterThread: Thread started: Add Visit Load 1-373
2026-08-04 21:50:25,589 INFO o.a.j.t.JMeterThread: Thread started: Add Visit Load 1-374
2026-08-04 21:50:25,675 INFO o.a.j.t.JMeterThread: Thread started: Add Visit Load 1-375
2026-08-04 21:50:25,767 INFO o.a.j.t.JMeterThread: Thread started: Add Visit Load 1-376
2026-08-04 21:50:25,859 INFO o.a.j.t.JMeterThread: Thread started: Add Visit Load 1-377
2026-08-04 21:50:25,949 INFO o.a.j.t.JMeterThread: Thread started: Add Visit Load 1-378
2026-08-04 21:50:26,035 INFO o.a.j.t.JMeterThread: Thread started: Add Visit Load 1-379
2026-08-04 21:50:26,125 INFO o.a.j.t.JMeterThread: Thread started: Add Visit Load 1-380
2026-08-04 21:50:26,218 INFO o.a.j.t.JMeterThread: Thread started: Add Visit Load 1-381
2026-08-04 21:50:26,312 INFO o.a.j.t.JMeterThread: Thread started: Add Visit Load 1-382
2026-08-04 21:50:26,381 INFO o.a.j.t.JMeterThread: Thread started: Add Visit Load 1-383
2026-08-04 21:50:26,482 INFO o.a.j.t.JMeterThread: Thread started: Add Visit Load 1-384
2026-08-04 21:50:26,575 INFO o.a.j.t.JMeterThread: Thread started: Add Visit Load 1-385
2026-08-04 21:50:26,663 INFO o.a.j.t.JMeterThread: Thread started: Add Visit Load 1-386
2026-08-04 21:50:26,751 INFO o.a.j.t.JMeterThread: Thread started: Add Visit Load 1-387
2026-08-04 21:50:26,849 INFO o.a.j.t.JMeterThread: Thread started: Add Visit Load 1-388
2026-08-04 21:50:26,933 INFO o.a.j.t.JMeterThread: Thread started: Add Visit Load 1-389
2026-08-04 21:50:27,027 INFO o.a.j.t.JMeterThread: Thread started: Add Visit Load 1-390
2026-08-04 21:50:27,109 INFO o.a.j.t.JMeterThread: Thread started: Add Visit Load 1-391
2026-08-04 21:50:27,187 INFO o.a.j.t.JMeterThread: Thread started: Add Visit Load 1-392
2026-08-04 21:50:27,292 INFO o.a.j.t.JMeterThread: Thread started: Add Visit Load 1-393
2026-08-04 21:50:27,365 INFO o.a.j.t.JMeterThread: Thread started: Add Visit Load 1-394
2026-08-04 21:50:27,469 INFO o.a.j.t.JMeterThread: Thread started: Add Visit Load 1-395
2026-08-04 21:50:27,566 INFO o.a.j.t.JMeterThread: Thread started: Add Visit Load 1-396
2026-08-04 21:50:27,686 INFO o.a.j.t.JMeterThread: Thread started: Add Visit Load 1-397
2026-08-04 21:50:27,738 INFO o.a.j.t.JMeterThread: Thread started: Add Visit Load 1-398
2026-08-04 21:50:27,813 INFO o.a.j.t.JMeterThread: Thread started: Add Visit Load 1-399
2026-08-04 21:50:27,828 INFO o.a.j.t.JMeterThread: Thread is done: Add Visit Load 1-362
2026-08-04 21:50:27,828 INFO o.a.j.t.JMeterThread: Thread finished: Add Visit Load 1-362
2026-08-04 21:50:27,904 INFO o.a.j.t.JMeterThread: Thread started: Add Visit Load 1-400
2026-08-04 21:50:27,927 INFO o.a.j.t.JMeterThread: Thread is done: Add Visit Load 1-175
2026-08-04 21:50:27,927 INFO o.a.j.t.JMeterThread: Thread finished: Add Visit Load 1-175
2026-08-04 21:50:28,007 INFO o.a.j.t.JMeterThread: Thread started: Add Visit Load 1-401
2026-08-04 21:50:28,095 INFO o.a.j.t.JMeterThread: Thread started: Add Visit Load 1-402
2026-08-04 21:50:28,110 INFO o.a.j.t.JMeterThread: Thread is done: Add Visit Load 1-308
2026-08-04 21:50:28,110 INFO o.a.j.t.JMeterThread: Thread finished: Add Visit Load 1-308
2026-08-04 21:50:28,153 INFO o.a.j.t.JMeterThread: Thread is done: Add Visit Load 1-130
2026-08-04 21:50:28,153 INFO o.a.j.t.JMeterThread: Thread finished: Add Visit Load 1-130
2026-08-04 21:50:28,186 INFO o.a.j.t.JMeterThread: Thread started: Add Visit Load 1-403
2026-08-04 21:50:28,210 INFO o.a.j.t.JMeterThread: Thread is done: Add Visit Load 1-191
2026-08-04 21:50:28,211 INFO o.a.j.t.JMeterThread: Thread finished: Add Visit Load 1-191
2026-08-04 21:50:28,276 INFO o.a.j.t.JMeterThread: Thread started: Add Visit Load 1-404
2026-08-04 21:50:28,351 INFO o.a.j.t.JMeterThread: Thread started: Add Visit Load 1-405
2026-08-04 21:50:28,407 INFO o.a.j.t.JMeterThread: Thread is done: Add Visit Load 1-169
2026-08-04 21:50:28,407 INFO o.a.j.t.JMeterThread: Thread finished: Add Visit Load 1-169
2026-08-04 21:50:28,455 INFO o.a.j.t.JMeterThread: Thread started: Add Visit Load 1-406
2026-08-04 21:50:28,544 INFO o.a.j.t.JMeterThread: Thread started: Add Visit Load 1-407
2026-08-04 21:50:28,607 INFO o.a.j.t.JMeterThread: Thread is done: Add Visit Load 1-351
2026-08-04 21:50:28,607 INFO o.a.j.t.JMeterThread: Thread finished: Add Visit Load 1-351
2026-08-04 21:50:28,641 INFO o.a.j.t.JMeterThread: Thread started: Add Visit Load 1-408
2026-08-04 21:50:28,723 INFO o.a.j.t.JMeterThread: Thread started: Add Visit Load 1-409
2026-08-04 21:50:28,820 INFO o.a.j.t.JMeterThread: Thread started: Add Visit Load 1-410
2026-08-04 21:50:28,902 INFO o.a.j.t.JMeterThread: Thread started: Add Visit Load 1-411
2026-08-04 21:50:28,936 INFO o.a.j.t.JMeterThread: Thread is done: Add Visit Load 1-245
2026-08-04 21:50:28,936 INFO o.a.j.t.JMeterThread: Thread finished: Add Visit Load 1-245
2026-08-04 21:50:28,998 INFO o.a.j.t.JMeterThread: Thread started: Add Visit Load 1-412
2026-08-04 21:50:29,079 INFO o.a.j.t.JMeterThread: Thread started: Add Visit Load 1-413
2026-08-04 21:50:29,115 INFO o.a.j.t.JMeterThread: Thread is done: Add Visit Load 1-144
2026-08-04 21:50:29,115 INFO o.a.j.t.JMeterThread: Thread finished: Add Visit Load 1-144
2026-08-04 21:50:29,178 INFO o.a.j.t.JMeterThread: Thread started: Add Visit Load 1-414
2026-08-04 21:50:29,182 INFO o.a.j.t.JMeterThread: Thread is done: Add Visit Load 1-323
2026-08-04 21:50:29,182 INFO o.a.j.t.JMeterThread: Thread finished: Add Visit Load 1-323
2026-08-04 21:50:29,200 INFO o.a.j.t.JMeterThread: Thread is done: Add Visit Load 1-333
2026-08-04 21:50:29,200 INFO o.a.j.t.JMeterThread: Thread finished: Add Visit Load 1-333
2026-08-04 21:50:29,243 INFO o.a.j.t.JMeterThread: Thread started: Add Visit Load 1-415
2026-08-04 21:50:29,345 INFO o.a.j.t.JMeterThread: Thread started: Add Visit Load 1-416
2026-08-04 21:50:29,438 INFO o.a.j.t.JMeterThread: Thread started: Add Visit Load 1-417
2026-08-04 21:50:29,528 INFO o.a.j.t.JMeterThread: Thread started: Add Visit Load 1-418
2026-08-04 21:50:29,617 INFO o.a.j.t.JMeterThread: Thread started: Add Visit Load 1-419
2026-08-04 21:50:29,687 INFO o.a.j.t.JMeterThread: Thread started: Add Visit Load 1-420
2026-08-04 21:50:29,807 INFO o.a.j.t.JMeterThread: Thread started: Add Visit Load 1-421
2026-08-04 21:50:29,897 INFO o.a.j.t.JMeterThread: Thread started: Add Visit Load 1-422
2026-08-04 21:50:29,976 INFO o.a.j.t.JMeterThread: Thread started: Add Visit Load 1-423
2026-08-04 21:50:30,062 INFO o.a.j.t.JMeterThread: Thread started: Add Visit Load 1-424
2026-08-04 21:50:30,166 INFO o.a.j.t.JMeterThread: Thread started: Add Visit Load 1-425
2026-08-04 21:50:30,246 INFO o.a.j.t.JMeterThread: Thread started: Add Visit Load 1-426
2026-08-04 21:50:30,303 INFO o.a.j.t.JMeterThread: Thread started: Add Visit Load 1-427
2026-08-04 21:50:30,392 INFO o.a.j.t.JMeterThread: Thread started: Add Visit Load 1-428
2026-08-04 21:50:30,524 INFO o.a.j.t.JMeterThread: Thread started: Add Visit Load 1-429
2026-08-04 21:50:30,604 INFO o.a.j.t.JMeterThread: Thread started: Add Visit Load 1-430
2026-08-04 21:50:30,689 INFO o.a.j.t.JMeterThread: Thread started: Add Visit Load 1-431
2026-08-04 21:50:30,828 INFO o.a.j.t.JMeterThread: Thread started: Add Visit Load 1-432
2026-08-04 21:50:30,873 INFO o.a.j.t.JMeterThread: Thread started: Add Visit Load 1-433
2026-08-04 21:50:30,962 INFO o.a.j.t.JMeterThread: Thread started: Add Visit Load 1-434
2026-08-04 21:50:31,048 INFO o.a.j.t.JMeterThread: Thread started: Add Visit Load 1-435
2026-08-04 21:50:31,186 INFO o.a.j.t.JMeterThread: Thread started: Add Visit Load 1-436
2026-08-04 21:50:31,233 INFO o.a.j.t.JMeterThread: Thread started: Add Visit Load 1-437
2026-08-04 21:50:31,318 INFO o.a.j.t.JMeterThread: Thread started: Add Visit Load 1-438
2026-08-04 21:50:31,422 INFO o.a.j.t.JMeterThread: Thread started: Add Visit Load 1-439
2026-08-04 21:50:31,497 INFO o.a.j.t.JMeterThread: Thread started: Add Visit Load 1-440
2026-08-04 21:50:31,588 INFO o.a.j.t.JMeterThread: Thread started: Add Visit Load 1-441
2026-08-04 21:50:31,676 INFO o.a.j.t.JMeterThread: Thread started: Add Visit Load 1-442
2026-08-04 21:50:31,801 INFO o.a.j.t.JMeterThread: Thread started: Add Visit Load 1-443
2026-08-04 21:50:31,856 INFO o.a.j.t.JMeterThread: Thread started: Add Visit Load 1-444
2026-08-04 21:50:31,960 INFO o.a.j.t.JMeterThread: Thread started: Add Visit Load 1-445
2026-08-04 21:50:32,034 INFO o.a.j.t.JMeterThread: Thread started: Add Visit Load 1-446
2026-08-04 21:50:32,124 INFO o.a.j.t.JMeterThread: Thread started: Add Visit Load 1-447
2026-08-04 21:50:32,213 INFO o.a.j.t.JMeterThread: Thread started: Add Visit Load 1-448
2026-08-04 21:50:32,301 INFO o.a.j.t.JMeterThread: Thread started: Add Visit Load 1-449
2026-08-04 21:50:32,391 INFO o.a.j.t.JMeterThread: Thread started: Add Visit Load 1-450
2026-08-04 21:50:32,482 INFO o.a.j.t.JMeterThread: Thread started: Add Visit Load 1-451
2026-08-04 21:50:32,571 INFO o.a.j.t.JMeterThread: Thread started: Add Visit Load 1-452
2026-08-04 21:50:32,654 INFO o.a.j.r.Summariser: summary +    259 in 00:00:33 =    8.0/s Avg:  4221 Min:   216 Max: 24052 Err:   103 (39.77%) Active: 295 Started: 452 Finished: 157
2026-08-04 21:50:32,654 INFO o.a.j.r.Summariser: summary =    377 in 00:00:41 =    9.2/s Avg:  3323 Min:   216 Max: 24052 Err:   158 (41.91%)
2026-08-04 21:50:32,654 INFO o.a.j.t.JMeterThread: Thread is done: Add Visit Load 1-100
2026-08-04 21:50:32,654 INFO o.a.j.t.JMeterThread: Thread finished: Add Visit Load 1-100
2026-08-04 21:50:32,675 INFO o.a.j.t.JMeterThread: Thread started: Add Visit Load 1-453
2026-08-04 21:50:32,750 INFO o.a.j.t.JMeterThread: Thread started: Add Visit Load 1-454
2026-08-04 21:50:32,863 INFO o.a.j.t.JMeterThread: Thread started: Add Visit Load 1-455
2026-08-04 21:50:32,870 INFO o.a.j.t.JMeterThread: Thread is done: Add Visit Load 1-268
2026-08-04 21:50:32,870 INFO o.a.j.t.JMeterThread: Thread finished: Add Visit Load 1-268
2026-08-04 21:50:32,880 INFO o.a.j.t.JMeterThread: Thread is done: Add Visit Load 1-156
2026-08-04 21:50:32,880 INFO o.a.j.t.JMeterThread: Thread finished: Add Visit Load 1-156
2026-08-04 21:50:32,930 INFO o.a.j.t.JMeterThread: Thread started: Add Visit Load 1-456
2026-08-04 21:50:32,950 INFO o.a.j.t.JMeterThread: Thread is done: Add Visit Load 1-395
2026-08-04 21:50:32,950 INFO o.a.j.t.JMeterThread: Thread finished: Add Visit Load 1-395
2026-08-04 21:50:32,994 INFO o.a.j.t.JMeterThread: Thread is done: Add Visit Load 1-188
2026-08-04 21:50:32,994 INFO o.a.j.t.JMeterThread: Thread finished: Add Visit Load 1-188
2026-08-04 21:50:33,018 INFO o.a.j.t.JMeterThread: Thread started: Add Visit Load 1-457
2026-08-04 21:50:33,025 INFO o.a.j.t.JMeterThread: Thread is done: Add Visit Load 1-356
2026-08-04 21:50:33,025 INFO o.a.j.t.JMeterThread: Thread finished: Add Visit Load 1-356
2026-08-04 21:50:33,048 INFO o.a.j.t.JMeterThread: Thread is done: Add Visit Load 1-295
2026-08-04 21:50:33,048 INFO o.a.j.t.JMeterThread: Thread finished: Add Visit Load 1-295
2026-08-04 21:50:33,108 INFO o.a.j.t.JMeterThread: Thread started: Add Visit Load 1-458
2026-08-04 21:50:33,127 INFO o.a.j.t.JMeterThread: Thread is done: Add Visit Load 1-450
2026-08-04 21:50:33,127 INFO o.a.j.t.JMeterThread: Thread finished: Add Visit Load 1-450
2026-08-04 21:50:33,168 INFO o.a.j.t.JMeterThread: Thread is done: Add Visit Load 1-396
2026-08-04 21:50:33,168 INFO o.a.j.t.JMeterThread: Thread finished: Add Visit Load 1-396
2026-08-04 21:50:33,221 INFO o.a.j.t.JMeterThread: Thread started: Add Visit Load 1-459
2026-08-04 21:50:33,239 INFO o.a.j.t.JMeterThread: Thread is done: Add Visit Load 1-235
2026-08-04 21:50:33,239 INFO o.a.j.t.JMeterThread: Thread finished: Add Visit Load 1-235
2026-08-04 21:50:33,243 INFO o.a.j.t.JMeterThread: Thread is done: Add Visit Load 1-317
2026-08-04 21:50:33,243 INFO o.a.j.t.JMeterThread: Thread finished: Add Visit Load 1-317
2026-08-04 21:50:33,283 INFO o.a.j.t.JMeterThread: Thread is done: Add Visit Load 1-168
2026-08-04 21:50:33,283 INFO o.a.j.t.JMeterThread: Thread finished: Add Visit Load 1-168
2026-08-04 21:50:33,284 INFO o.a.j.t.JMeterThread: Thread is done: Add Visit Load 1-256
2026-08-04 21:50:33,284 INFO o.a.j.t.JMeterThread: Thread finished: Add Visit Load 1-256
2026-08-04 21:50:33,288 INFO o.a.j.t.JMeterThread: Thread started: Add Visit Load 1-460
2026-08-04 21:50:33,378 INFO o.a.j.t.JMeterThread: Thread started: Add Visit Load 1-461
2026-08-04 21:50:33,467 INFO o.a.j.t.JMeterThread: Thread started: Add Visit Load 1-462
2026-08-04 21:50:33,497 INFO o.a.j.t.JMeterThread: Thread is done: Add Visit Load 1-244
2026-08-04 21:50:33,497 INFO o.a.j.t.JMeterThread: Thread finished: Add Visit Load 1-244
2026-08-04 21:50:33,507 INFO o.a.j.t.JMeterThread: Thread is done: Add Visit Load 1-393
2026-08-04 21:50:33,507 INFO o.a.j.t.JMeterThread: Thread finished: Add Visit Load 1-393
2026-08-04 21:50:33,557 INFO o.a.j.t.JMeterThread: Thread started: Add Visit Load 1-463
2026-08-04 21:50:33,562 INFO o.a.j.t.JMeterThread: Thread is done: Add Visit Load 1-276
2026-08-04 21:50:33,562 INFO o.a.j.t.JMeterThread: Thread finished: Add Visit Load 1-276
2026-08-04 21:50:33,569 INFO o.a.j.t.JMeterThread: Thread is done: Add Visit Load 1-327
2026-08-04 21:50:33,569 INFO o.a.j.t.JMeterThread: Thread finished: Add Visit Load 1-327
2026-08-04 21:50:33,583 INFO o.a.j.t.JMeterThread: Thread is done: Add Visit Load 1-429
2026-08-04 21:50:33,583 INFO o.a.j.t.JMeterThread: Thread finished: Add Visit Load 1-429
2026-08-04 21:50:33,609 INFO o.a.j.t.JMeterThread: Thread is done: Add Visit Load 1-157
2026-08-04 21:50:33,609 INFO o.a.j.t.JMeterThread: Thread finished: Add Visit Load 1-157
2026-08-04 21:50:33,631 INFO o.a.j.t.JMeterThread: Thread is done: Add Visit Load 1-372
2026-08-04 21:50:33,631 INFO o.a.j.t.JMeterThread: Thread finished: Add Visit Load 1-372
2026-08-04 21:50:33,647 INFO o.a.j.t.JMeterThread: Thread started: Add Visit Load 1-464
2026-08-04 21:50:33,659 INFO o.a.j.t.JMeterThread: Thread is done: Add Visit Load 1-234
2026-08-04 21:50:33,659 INFO o.a.j.t.JMeterThread: Thread finished: Add Visit Load 1-234
2026-08-04 21:50:33,663 INFO o.a.j.t.JMeterThread: Thread is done: Add Visit Load 1-341
2026-08-04 21:50:33,663 INFO o.a.j.t.JMeterThread: Thread finished: Add Visit Load 1-341
2026-08-04 21:50:33,726 INFO o.a.j.t.JMeterThread: Thread is done: Add Visit Load 1-391
2026-08-04 21:50:33,726 INFO o.a.j.t.JMeterThread: Thread finished: Add Visit Load 1-391
2026-08-04 21:50:33,737 INFO o.a.j.t.JMeterThread: Thread started: Add Visit Load 1-465
2026-08-04 21:50:33,770 INFO o.a.j.t.JMeterThread: Thread is done: Add Visit Load 1-440
2026-08-04 21:50:33,770 INFO o.a.j.t.JMeterThread: Thread finished: Add Visit Load 1-440
2026-08-04 21:50:33,814 INFO o.a.j.t.JMeterThread: Thread is done: Add Visit Load 1-385
2026-08-04 21:50:33,814 INFO o.a.j.t.JMeterThread: Thread finished: Add Visit Load 1-385
2026-08-04 21:50:33,814 INFO o.a.j.t.JMeterThread: Thread is done: Add Visit Load 1-350
2026-08-04 21:50:33,814 INFO o.a.j.t.JMeterThread: Thread finished: Add Visit Load 1-350
2026-08-04 21:50:33,819 INFO o.a.j.t.JMeterThread: Thread is done: Add Visit Load 1-378
2026-08-04 21:50:33,819 INFO o.a.j.t.JMeterThread: Thread finished: Add Visit Load 1-378
2026-08-04 21:50:33,840 INFO o.a.j.t.JMeterThread: Thread started: Add Visit Load 1-466
2026-08-04 21:50:33,844 INFO o.a.j.t.JMeterThread: Thread is done: Add Visit Load 1-354
2026-08-04 21:50:33,844 INFO o.a.j.t.JMeterThread: Thread finished: Add Visit Load 1-354
2026-08-04 21:50:33,846 INFO o.a.j.t.JMeterThread: Thread is done: Add Visit Load 1-322
2026-08-04 21:50:33,846 INFO o.a.j.t.JMeterThread: Thread finished: Add Visit Load 1-322
2026-08-04 21:50:33,857 INFO o.a.j.t.JMeterThread: Thread is done: Add Visit Load 1-401
2026-08-04 21:50:33,857 INFO o.a.j.t.JMeterThread: Thread finished: Add Visit Load 1-401
2026-08-04 21:50:33,900 INFO o.a.j.t.JMeterThread: Thread started: Add Visit Load 1-467
2026-08-04 21:50:33,962 INFO o.a.j.t.JMeterThread: Thread is done: Add Visit Load 1-439
2026-08-04 21:50:33,962 INFO o.a.j.t.JMeterThread: Thread finished: Add Visit Load 1-439
2026-08-04 21:50:33,968 INFO o.a.j.t.JMeterThread: Thread is done: Add Visit Load 1-259
2026-08-04 21:50:33,968 INFO o.a.j.t.JMeterThread: Thread finished: Add Visit Load 1-259
2026-08-04 21:50:34,004 INFO o.a.j.t.JMeterThread: Thread started: Add Visit Load 1-468
2026-08-04 21:50:34,042 INFO o.a.j.t.JMeterThread: Thread is done: Add Visit Load 1-397
2026-08-04 21:50:34,042 INFO o.a.j.t.JMeterThread: Thread finished: Add Visit Load 1-397
2026-08-04 21:50:34,072 INFO o.a.j.t.JMeterThread: Thread is done: Add Visit Load 1-402
2026-08-04 21:50:34,072 INFO o.a.j.t.JMeterThread: Thread finished: Add Visit Load 1-402
2026-08-04 21:50:34,084 INFO o.a.j.t.JMeterThread: Thread is done: Add Visit Load 1-418
2026-08-04 21:50:34,084 INFO o.a.j.t.JMeterThread: Thread finished: Add Visit Load 1-418
2026-08-04 21:50:34,094 INFO o.a.j.t.JMeterThread: Thread started: Add Visit Load 1-469
2026-08-04 21:50:34,138 INFO o.a.j.t.JMeterThread: Thread is done: Add Visit Load 1-262
2026-08-04 21:50:34,138 INFO o.a.j.t.JMeterThread: Thread finished: Add Visit Load 1-262
2026-08-04 21:50:34,184 INFO o.a.j.t.JMeterThread: Thread started: Add Visit Load 1-470
2026-08-04 21:50:34,197 INFO o.a.j.t.JMeterThread: Thread is done: Add Visit Load 1-221
2026-08-04 21:50:34,197 INFO o.a.j.t.JMeterThread: Thread finished: Add Visit Load 1-221
2026-08-04 21:50:34,246 INFO o.a.j.t.JMeterThread: Thread is done: Add Visit Load 1-451
2026-08-04 21:50:34,247 INFO o.a.j.t.JMeterThread: Thread finished: Add Visit Load 1-451
2026-08-04 21:50:34,255 INFO o.a.j.t.JMeterThread: Thread is done: Add Visit Load 1-346
2026-08-04 21:50:34,255 INFO o.a.j.t.JMeterThread: Thread finished: Add Visit Load 1-346
2026-08-04 21:50:34,264 INFO o.a.j.t.JMeterThread: Thread is done: Add Visit Load 1-392
2026-08-04 21:50:34,264 INFO o.a.j.t.JMeterThread: Thread finished: Add Visit Load 1-392
2026-08-04 21:50:34,273 INFO o.a.j.t.JMeterThread: Thread started: Add Visit Load 1-471
2026-08-04 21:50:34,284 INFO o.a.j.t.JMeterThread: Thread is done: Add Visit Load 1-258
2026-08-04 21:50:34,284 INFO o.a.j.t.JMeterThread: Thread finished: Add Visit Load 1-258
2026-08-04 21:50:34,362 INFO o.a.j.t.JMeterThread: Thread started: Add Visit Load 1-472
2026-08-04 21:50:34,452 INFO o.a.j.t.JMeterThread: Thread started: Add Visit Load 1-473
2026-08-04 21:50:34,542 INFO o.a.j.t.JMeterThread: Thread started: Add Visit Load 1-474
2026-08-04 21:50:34,655 INFO o.a.j.t.JMeterThread: Thread started: Add Visit Load 1-475
2026-08-04 21:50:34,722 INFO o.a.j.t.JMeterThread: Thread started: Add Visit Load 1-476
2026-08-04 21:50:34,810 INFO o.a.j.t.JMeterThread: Thread started: Add Visit Load 1-477
2026-08-04 21:50:34,900 INFO o.a.j.t.JMeterThread: Thread started: Add Visit Load 1-478
2026-08-04 21:50:34,991 INFO o.a.j.t.JMeterThread: Thread started: Add Visit Load 1-479
2026-08-04 21:50:35,079 INFO o.a.j.t.JMeterThread: Thread started: Add Visit Load 1-480
2026-08-04 21:50:35,169 INFO o.a.j.t.JMeterThread: Thread started: Add Visit Load 1-481
2026-08-04 21:50:35,258 INFO o.a.j.t.JMeterThread: Thread started: Add Visit Load 1-482
2026-08-04 21:50:35,313 INFO o.a.j.t.JMeterThread: Thread is done: Add Visit Load 1-248
2026-08-04 21:50:35,313 INFO o.a.j.t.JMeterThread: Thread finished: Add Visit Load 1-248
2026-08-04 21:50:35,343 INFO o.a.j.t.JMeterThread: Thread is done: Add Visit Load 1-453
2026-08-04 21:50:35,343 INFO o.a.j.t.JMeterThread: Thread finished: Add Visit Load 1-453
2026-08-04 21:50:35,350 INFO o.a.j.t.JMeterThread: Thread started: Add Visit Load 1-483
2026-08-04 21:50:35,440 INFO o.a.j.t.JMeterThread: Thread started: Add Visit Load 1-484
2026-08-04 21:50:35,545 INFO o.a.j.t.JMeterThread: Thread started: Add Visit Load 1-485
2026-08-04 21:50:35,618 INFO o.a.j.t.JMeterThread: Thread started: Add Visit Load 1-486
2026-08-04 21:50:35,707 INFO o.a.j.t.JMeterThread: Thread started: Add Visit Load 1-487
2026-08-04 21:50:35,817 INFO o.a.j.t.JMeterThread: Thread started: Add Visit Load 1-488
2026-08-04 21:50:35,886 INFO o.a.j.t.JMeterThread: Thread started: Add Visit Load 1-489
2026-08-04 21:50:35,974 INFO o.a.j.t.JMeterThread: Thread started: Add Visit Load 1-490
2026-08-04 21:50:36,064 INFO o.a.j.t.JMeterThread: Thread started: Add Visit Load 1-491
2026-08-04 21:50:36,155 INFO o.a.j.t.JMeterThread: Thread started: Add Visit Load 1-492
2026-08-04 21:50:36,244 INFO o.a.j.t.JMeterThread: Thread started: Add Visit Load 1-493
2026-08-04 21:50:36,334 INFO o.a.j.t.JMeterThread: Thread started: Add Visit Load 1-494
2026-08-04 21:50:36,366 INFO o.a.j.t.JMeterThread: Thread is done: Add Visit Load 1-158
2026-08-04 21:50:36,366 INFO o.a.j.t.JMeterThread: Thread finished: Add Visit Load 1-158
2026-08-04 21:50:36,381 INFO o.a.j.t.JMeterThread: Thread is done: Add Visit Load 1-207
2026-08-04 21:50:36,381 INFO o.a.j.t.JMeterThread: Thread finished: Add Visit Load 1-207
2026-08-04 21:50:36,382 INFO o.a.j.t.JMeterThread: Thread is done: Add Visit Load 1-186
2026-08-04 21:50:36,382 INFO o.a.j.t.JMeterThread: Thread finished: Add Visit Load 1-186
2026-08-04 21:50:36,446 INFO o.a.j.t.JMeterThread: Thread started: Add Visit Load 1-495
2026-08-04 21:50:36,530 INFO o.a.j.t.JMeterThread: Thread started: Add Visit Load 1-496
2026-08-04 21:50:36,603 INFO o.a.j.t.JMeterThread: Thread started: Add Visit Load 1-497
2026-08-04 21:50:36,708 INFO o.a.j.t.JMeterThread: Thread started: Add Visit Load 1-498
2026-08-04 21:50:36,781 INFO o.a.j.t.JMeterThread: Thread started: Add Visit Load 1-499
2026-08-04 21:50:36,870 INFO o.a.j.t.JMeterThread: Thread started: Add Visit Load 1-500
2026-08-04 21:50:36,960 INFO o.a.j.t.JMeterThread: Thread started: Add Visit Load 1-501
2026-08-04 21:50:37,050 INFO o.a.j.t.JMeterThread: Thread started: Add Visit Load 1-502
2026-08-04 21:50:37,138 INFO o.a.j.t.JMeterThread: Thread started: Add Visit Load 1-503
2026-08-04 21:50:37,250 INFO o.a.j.t.JMeterThread: Thread started: Add Visit Load 1-504
2026-08-04 21:50:37,332 INFO o.a.j.t.JMeterThread: Thread started: Add Visit Load 1-505
2026-08-04 21:50:37,409 INFO o.a.j.t.JMeterThread: Thread started: Add Visit Load 1-506
2026-08-04 21:50:37,497 INFO o.a.j.t.JMeterThread: Thread started: Add Visit Load 1-507
2026-08-04 21:50:37,615 INFO o.a.j.t.JMeterThread: Thread started: Add Visit Load 1-508
2026-08-04 21:50:37,691 INFO o.a.j.t.JMeterThread: Thread started: Add Visit Load 1-509
2026-08-04 21:50:37,779 INFO o.a.j.t.JMeterThread: Thread started: Add Visit Load 1-510
2026-08-04 21:50:37,789 INFO o.a.j.t.JMeterThread: Thread is done: Add Visit Load 1-442
2026-08-04 21:50:37,789 INFO o.a.j.t.JMeterThread: Thread finished: Add Visit Load 1-442
2026-08-04 21:50:37,806 INFO o.a.j.t.JMeterThread: Thread is done: Add Visit Load 1-344
2026-08-04 21:50:37,807 INFO o.a.j.t.JMeterThread: Thread finished: Add Visit Load 1-344
2026-08-04 21:50:37,841 INFO o.a.j.t.JMeterThread: Thread is done: Add Visit Load 1-294
2026-08-04 21:50:37,841 INFO o.a.j.t.JMeterThread: Thread finished: Add Visit Load 1-294
2026-08-04 21:50:37,861 INFO o.a.j.t.JMeterThread: Thread started: Add Visit Load 1-511
2026-08-04 21:50:37,882 INFO o.a.j.t.JMeterThread: Thread is done: Add Visit Load 1-264
2026-08-04 21:50:37,882 INFO o.a.j.t.JMeterThread: Thread finished: Add Visit Load 1-264
2026-08-04 21:50:37,911 INFO o.a.j.t.JMeterThread: Thread is done: Add Visit Load 1-377
2026-08-04 21:50:37,911 INFO o.a.j.t.JMeterThread: Thread finished: Add Visit Load 1-377
2026-08-04 21:50:37,945 INFO o.a.j.t.JMeterThread: Thread started: Add Visit Load 1-512
2026-08-04 21:50:37,949 INFO o.a.j.t.JMeterThread: Thread is done: Add Visit Load 1-315
2026-08-04 21:50:37,949 INFO o.a.j.t.JMeterThread: Thread finished: Add Visit Load 1-315
2026-08-04 21:50:38,049 INFO o.a.j.t.JMeterThread: Thread started: Add Visit Load 1-513
2026-08-04 21:50:38,078 INFO o.a.j.t.JMeterThread: Thread is done: Add Visit Load 1-460
2026-08-04 21:50:38,078 INFO o.a.j.t.JMeterThread: Thread finished: Add Visit Load 1-460
2026-08-04 21:50:38,138 INFO o.a.j.t.JMeterThread: Thread started: Add Visit Load 1-514
2026-08-04 21:50:38,140 INFO o.a.j.t.JMeterThread: Thread is done: Add Visit Load 1-230
2026-08-04 21:50:38,140 INFO o.a.j.t.JMeterThread: Thread finished: Add Visit Load 1-230
2026-08-04 21:50:38,165 INFO o.a.j.t.JMeterThread: Thread is done: Add Visit Load 1-438
2026-08-04 21:50:38,165 INFO o.a.j.t.JMeterThread: Thread finished: Add Visit Load 1-438
2026-08-04 21:50:38,234 INFO o.a.j.t.JMeterThread: Thread started: Add Visit Load 1-515
2026-08-04 21:50:38,317 INFO o.a.j.t.JMeterThread: Thread is done: Add Visit Load 1-461
2026-08-04 21:50:38,317 INFO o.a.j.t.JMeterThread: Thread finished: Add Visit Load 1-461
2026-08-04 21:50:38,323 INFO o.a.j.t.JMeterThread: Thread started: Add Visit Load 1-516
2026-08-04 21:50:38,345 INFO o.a.j.t.JMeterThread: Thread is done: Add Visit Load 1-251
2026-08-04 21:50:38,345 INFO o.a.j.t.JMeterThread: Thread finished: Add Visit Load 1-251
2026-08-04 21:50:38,394 INFO o.a.j.t.JMeterThread: Thread started: Add Visit Load 1-517
2026-08-04 21:50:38,399 INFO o.a.j.t.JMeterThread: Thread is done: Add Visit Load 1-426
2026-08-04 21:50:38,399 INFO o.a.j.t.JMeterThread: Thread finished: Add Visit Load 1-426
2026-08-04 21:50:38,408 INFO o.a.j.t.JMeterThread: Thread is done: Add Visit Load 1-277
2026-08-04 21:50:38,408 INFO o.a.j.t.JMeterThread: Thread finished: Add Visit Load 1-277
2026-08-04 21:50:38,497 INFO o.a.j.t.JMeterThread: Thread started: Add Visit Load 1-518
2026-08-04 21:50:38,531 INFO o.a.j.t.JMeterThread: Thread is done: Add Visit Load 1-419
2026-08-04 21:50:38,531 INFO o.a.j.t.JMeterThread: Thread finished: Add Visit Load 1-419
2026-08-04 21:50:38,560 INFO o.a.j.t.JMeterThread: Thread is done: Add Visit Load 1-271
2026-08-04 21:50:38,560 INFO o.a.j.t.JMeterThread: Thread finished: Add Visit Load 1-271
2026-08-04 21:50:38,592 INFO o.a.j.t.JMeterThread: Thread started: Add Visit Load 1-519
2026-08-04 21:50:38,626 INFO o.a.j.t.JMeterThread: Thread is done: Add Visit Load 1-496
2026-08-04 21:50:38,626 INFO o.a.j.t.JMeterThread: Thread finished: Add Visit Load 1-496
2026-08-04 21:50:38,642 INFO o.a.j.t.JMeterThread: Thread is done: Add Visit Load 1-454
2026-08-04 21:50:38,642 INFO o.a.j.t.JMeterThread: Thread finished: Add Visit Load 1-454
2026-08-04 21:50:38,682 INFO o.a.j.t.JMeterThread: Thread started: Add Visit Load 1-520
2026-08-04 21:50:38,685 INFO o.a.j.t.JMeterThread: Thread is done: Add Visit Load 1-509
2026-08-04 21:50:38,685 INFO o.a.j.t.JMeterThread: Thread finished: Add Visit Load 1-509
2026-08-04 21:50:38,685 INFO o.a.j.t.JMeterThread: Thread is done: Add Visit Load 1-431
2026-08-04 21:50:38,685 INFO o.a.j.t.JMeterThread: Thread finished: Add Visit Load 1-431
2026-08-04 21:50:38,689 INFO o.a.j.t.JMeterThread: Thread is done: Add Visit Load 1-170
2026-08-04 21:50:38,689 INFO o.a.j.t.JMeterThread: Thread finished: Add Visit Load 1-170
2026-08-04 21:50:38,722 INFO o.a.j.t.JMeterThread: Thread is done: Add Visit Load 1-179
2026-08-04 21:50:38,722 INFO o.a.j.t.JMeterThread: Thread finished: Add Visit Load 1-179
2026-08-04 21:50:38,729 INFO o.a.j.t.JMeterThread: Thread is done: Add Visit Load 1-124
2026-08-04 21:50:38,730 INFO o.a.j.t.JMeterThread: Thread finished: Add Visit Load 1-124
2026-08-04 21:50:38,733 INFO o.a.j.t.JMeterThread: Thread is done: Add Visit Load 1-334
2026-08-04 21:50:38,733 INFO o.a.j.t.JMeterThread: Thread finished: Add Visit Load 1-334
2026-08-04 21:50:38,742 INFO o.a.j.t.JMeterThread: Thread is done: Add Visit Load 1-407
2026-08-04 21:50:38,742 INFO o.a.j.t.JMeterThread: Thread finished: Add Visit Load 1-407
2026-08-04 21:50:38,747 INFO o.a.j.t.JMeterThread: Thread is done: Add Visit Load 1-432
2026-08-04 21:50:38,747 INFO o.a.j.t.JMeterThread: Thread finished: Add Visit Load 1-432
2026-08-04 21:50:38,748 INFO o.a.j.t.JMeterThread: Thread is done: Add Visit Load 1-506
2026-08-04 21:50:38,748 INFO o.a.j.t.JMeterThread: Thread finished: Add Visit Load 1-506
2026-08-04 21:50:38,752 INFO o.a.j.t.JMeterThread: Thread started: Add Visit Load 1-521
2026-08-04 21:50:38,770 INFO o.a.j.t.JMeterThread: Thread is done: Add Visit Load 1-498
2026-08-04 21:50:38,770 INFO o.a.j.t.JMeterThread: Thread finished: Add Visit Load 1-498
2026-08-04 21:50:38,842 INFO o.a.j.t.JMeterThread: Thread started: Add Visit Load 1-522
2026-08-04 21:50:38,898 INFO o.a.j.t.JMeterThread: Thread is done: Add Visit Load 1-240
2026-08-04 21:50:38,898 INFO o.a.j.t.JMeterThread: Thread finished: Add Visit Load 1-240
2026-08-04 21:50:38,907 INFO o.a.j.t.JMeterThread: Thread is done: Add Visit Load 1-507
2026-08-04 21:50:38,907 INFO o.a.j.t.JMeterThread: Thread finished: Add Visit Load 1-507
2026-08-04 21:50:38,907 INFO o.a.j.t.JMeterThread: Thread is done: Add Visit Load 1-487
2026-08-04 21:50:38,907 INFO o.a.j.t.JMeterThread: Thread finished: Add Visit Load 1-487
2026-08-04 21:50:38,957 INFO o.a.j.t.JMeterThread: Thread started: Add Visit Load 1-523
2026-08-04 21:50:39,014 INFO o.a.j.t.JMeterThread: Thread started: Add Visit Load 1-524
2026-08-04 21:50:39,032 INFO o.a.j.t.JMeterThread: Thread is done: Add Visit Load 1-380
2026-08-04 21:50:39,032 INFO o.a.j.t.JMeterThread: Thread finished: Add Visit Load 1-380
2026-08-04 21:50:39,047 INFO o.a.j.t.JMeterThread: Thread is done: Add Visit Load 1-383
2026-08-04 21:50:39,047 INFO o.a.j.t.JMeterThread: Thread finished: Add Visit Load 1-383
2026-08-04 21:50:39,119 INFO o.a.j.t.JMeterThread: Thread is done: Add Visit Load 1-444
2026-08-04 21:50:39,119 INFO o.a.j.t.JMeterThread: Thread finished: Add Visit Load 1-444
2026-08-04 21:50:39,121 INFO o.a.j.t.JMeterThread: Thread is done: Add Visit Load 1-463
2026-08-04 21:50:39,121 INFO o.a.j.t.JMeterThread: Thread finished: Add Visit Load 1-463
2026-08-04 21:50:39,124 INFO o.a.j.t.JMeterThread: Thread started: Add Visit Load 1-525
2026-08-04 21:50:39,200 INFO o.a.j.t.JMeterThread: Thread started: Add Visit Load 1-526
2026-08-04 21:50:39,311 INFO o.a.j.t.JMeterThread: Thread started: Add Visit Load 1-527
2026-08-04 21:50:39,402 INFO o.a.j.t.JMeterThread: Thread started: Add Visit Load 1-528
2026-08-04 21:50:39,482 INFO o.a.j.t.JMeterThread: Thread started: Add Visit Load 1-529
2026-08-04 21:50:39,560 INFO o.a.j.t.JMeterThread: Thread started: Add Visit Load 1-530
2026-08-04 21:50:39,662 INFO o.a.j.t.JMeterThread: Thread started: Add Visit Load 1-531
2026-08-04 21:50:39,759 INFO o.a.j.t.JMeterThread: Thread started: Add Visit Load 1-532
2026-08-04 21:50:39,881 INFO o.a.j.t.JMeterThread: Thread started: Add Visit Load 1-533
2026-08-04 21:50:39,920 INFO o.a.j.t.JMeterThread: Thread started: Add Visit Load 1-534
2026-08-04 21:50:39,967 INFO o.a.j.t.JMeterThread: Thread is done: Add Visit Load 1-272
2026-08-04 21:50:39,967 INFO o.a.j.t.JMeterThread: Thread finished: Add Visit Load 1-272
2026-08-04 21:50:40,028 INFO o.a.j.t.JMeterThread: Thread started: Add Visit Load 1-535
2026-08-04 21:50:40,093 INFO o.a.j.t.JMeterThread: Thread started: Add Visit Load 1-536
2026-08-04 21:50:40,198 INFO o.a.j.t.JMeterThread: Thread started: Add Visit Load 1-537
2026-08-04 21:50:40,295 INFO o.a.j.t.JMeterThread: Thread started: Add Visit Load 1-538
2026-08-04 21:50:40,378 INFO o.a.j.t.JMeterThread: Thread started: Add Visit Load 1-539
2026-08-04 21:50:40,449 INFO o.a.j.t.JMeterThread: Thread started: Add Visit Load 1-540
2026-08-04 21:50:40,564 INFO o.a.j.t.JMeterThread: Thread started: Add Visit Load 1-541
2026-08-04 21:50:40,651 INFO o.a.j.t.JMeterThread: Thread started: Add Visit Load 1-542
2026-08-04 21:50:40,716 INFO o.a.j.t.JMeterThread: Thread started: Add Visit Load 1-543
2026-08-04 21:50:40,805 INFO o.a.j.t.JMeterThread: Thread started: Add Visit Load 1-544
2026-08-04 21:50:40,913 INFO o.a.j.t.JMeterThread: Thread started: Add Visit Load 1-545
2026-08-04 21:50:41,005 INFO o.a.j.t.JMeterThread: Thread started: Add Visit Load 1-546
2026-08-04 21:50:41,112 INFO o.a.j.t.JMeterThread: Thread started: Add Visit Load 1-547
2026-08-04 21:50:41,163 INFO o.a.j.t.JMeterThread: Thread started: Add Visit Load 1-548
2026-08-04 21:50:41,271 INFO o.a.j.t.JMeterThread: Thread started: Add Visit Load 1-549
2026-08-04 21:50:41,350 INFO o.a.j.t.JMeterThread: Thread started: Add Visit Load 1-550
2026-08-04 21:50:41,430 INFO o.a.j.t.JMeterThread: Thread started: Add Visit Load 1-551
2026-08-04 21:50:41,525 INFO o.a.j.t.JMeterThread: Thread started: Add Visit Load 1-552
2026-08-04 21:50:41,617 INFO o.a.j.t.JMeterThread: Thread started: Add Visit Load 1-553
2026-08-04 21:50:41,709 INFO o.a.j.t.JMeterThread: Thread started: Add Visit Load 1-554
2026-08-04 21:50:41,792 INFO o.a.j.t.JMeterThread: Thread started: Add Visit Load 1-555
2026-08-04 21:50:41,883 INFO o.a.j.t.JMeterThread: Thread started: Add Visit Load 1-556
2026-08-04 21:50:41,992 INFO o.a.j.t.JMeterThread: Thread started: Add Visit Load 1-557
2026-08-04 21:50:42,082 INFO o.a.j.t.JMeterThread: Thread started: Add Visit Load 1-558
2026-08-04 21:50:42,147 INFO o.a.j.t.JMeterThread: Thread started: Add Visit Load 1-559
2026-08-04 21:50:42,230 INFO o.a.j.t.JMeterThread: Thread started: Add Visit Load 1-560
2026-08-04 21:50:42,349 INFO o.a.j.t.JMeterThread: Thread started: Add Visit Load 1-561
2026-08-04 21:50:42,439 INFO o.a.j.t.JMeterThread: Thread started: Add Visit Load 1-562
2026-08-04 21:50:42,560 INFO o.a.j.t.JMeterThread: Thread started: Add Visit Load 1-563
2026-08-04 21:50:42,648 INFO o.a.j.t.JMeterThread: Thread started: Add Visit Load 1-564
2026-08-04 21:50:42,707 INFO o.a.j.t.JMeterThread: Thread started: Add Visit Load 1-565
2026-08-04 21:50:42,797 INFO o.a.j.t.JMeterThread: Thread started: Add Visit Load 1-566
2026-08-04 21:50:42,919 INFO o.a.j.t.JMeterThread: Thread started: Add Visit Load 1-567
2026-08-04 21:50:43,008 INFO o.a.j.t.JMeterThread: Thread started: Add Visit Load 1-568
2026-08-04 21:50:43,066 INFO o.a.j.t.JMeterThread: Thread started: Add Visit Load 1-569
2026-08-04 21:50:43,157 INFO o.a.j.t.JMeterThread: Thread started: Add Visit Load 1-570
2026-08-04 21:50:43,277 INFO o.a.j.t.JMeterThread: Thread started: Add Visit Load 1-571
2026-08-04 21:50:43,366 INFO o.a.j.t.JMeterThread: Thread started: Add Visit Load 1-572
2026-08-04 21:50:43,425 INFO o.a.j.t.JMeterThread: Thread started: Add Visit Load 1-573
2026-08-04 21:50:43,515 INFO o.a.j.t.JMeterThread: Thread started: Add Visit Load 1-574
2026-08-04 21:50:43,635 INFO o.a.j.t.JMeterThread: Thread started: Add Visit Load 1-575
2026-08-04 21:50:43,725 INFO o.a.j.t.JMeterThread: Thread started: Add Visit Load 1-576
2026-08-04 21:50:43,784 INFO o.a.j.t.JMeterThread: Thread started: Add Visit Load 1-577
2026-08-04 21:50:43,794 INFO o.a.j.t.JMeterThread: Thread is done: Add Visit Load 1-404
2026-08-04 21:50:43,794 INFO o.a.j.t.JMeterThread: Thread finished: Add Visit Load 1-404
2026-08-04 21:50:43,799 INFO o.a.j.t.JMeterThread: Thread is done: Add Visit Load 1-238
2026-08-04 21:50:43,799 INFO o.a.j.t.JMeterThread: Thread finished: Add Visit Load 1-238
2026-08-04 21:50:43,802 INFO o.a.j.t.JMeterThread: Thread is done: Add Visit Load 1-485
2026-08-04 21:50:43,802 INFO o.a.j.t.JMeterThread: Thread finished: Add Visit Load 1-485
2026-08-04 21:50:43,815 INFO o.a.j.t.JMeterThread: Thread is done: Add Visit Load 1-365
2026-08-04 21:50:43,816 INFO o.a.j.t.JMeterThread: Thread finished: Add Visit Load 1-365
2026-08-04 21:50:43,842 INFO o.a.j.t.JMeterThread: Thread is done: Add Visit Load 1-495
2026-08-04 21:50:43,842 INFO o.a.j.t.JMeterThread: Thread finished: Add Visit Load 1-495
2026-08-04 21:50:43,849 INFO o.a.j.t.JMeterThread: Thread is done: Add Visit Load 1-484
2026-08-04 21:50:43,849 INFO o.a.j.t.JMeterThread: Thread finished: Add Visit Load 1-484
2026-08-04 21:50:43,917 INFO o.a.j.t.JMeterThread: Thread started: Add Visit Load 1-578
2026-08-04 21:50:43,968 INFO o.a.j.t.JMeterThread: Thread is done: Add Visit Load 1-410
2026-08-04 21:50:43,969 INFO o.a.j.t.JMeterThread: Thread finished: Add Visit Load 1-410
2026-08-04 21:50:43,993 INFO o.a.j.t.JMeterThread: Thread started: Add Visit Load 1-579
2026-08-04 21:50:44,059 INFO o.a.j.t.JMeterThread: Thread is done: Add Visit Load 1-403
2026-08-04 21:50:44,059 INFO o.a.j.t.JMeterThread: Thread finished: Add Visit Load 1-403
2026-08-04 21:50:44,082 INFO o.a.j.t.JMeterThread: Thread started: Add Visit Load 1-580
2026-08-04 21:50:44,099 INFO o.a.j.t.JMeterThread: Thread is done: Add Visit Load 1-573
2026-08-04 21:50:44,099 INFO o.a.j.t.JMeterThread: Thread finished: Add Visit Load 1-573
2026-08-04 21:50:44,136 INFO o.a.j.t.JMeterThread: Thread started: Add Visit Load 1-581
2026-08-04 21:50:44,232 INFO o.a.j.t.JMeterThread: Thread started: Add Visit Load 1-582
2026-08-04 21:50:44,352 INFO o.a.j.t.JMeterThread: Thread started: Add Visit Load 1-583
2026-08-04 21:50:44,404 INFO o.a.j.t.JMeterThread: Thread started: Add Visit Load 1-584
2026-08-04 21:50:44,454 INFO o.a.j.t.JMeterThread: Thread is done: Add Visit Load 1-367
2026-08-04 21:50:44,455 INFO o.a.j.t.JMeterThread: Thread finished: Add Visit Load 1-367
2026-08-04 21:50:44,498 INFO o.a.j.t.JMeterThread: Thread is done: Add Visit Load 1-247
2026-08-04 21:50:44,498 INFO o.a.j.t.JMeterThread: Thread finished: Add Visit Load 1-247
2026-08-04 21:50:44,503 INFO o.a.j.t.JMeterThread: Thread started: Add Visit Load 1-585
2026-08-04 21:50:44,516 INFO o.a.j.t.JMeterThread: Thread is done: Add Visit Load 1-408
2026-08-04 21:50:44,516 INFO o.a.j.t.JMeterThread: Thread finished: Add Visit Load 1-408
2026-08-04 21:50:44,575 INFO o.a.j.t.JMeterThread: Thread is done: Add Visit Load 1-574
2026-08-04 21:50:44,575 INFO o.a.j.t.JMeterThread: Thread finished: Add Visit Load 1-574
2026-08-04 21:50:44,590 INFO o.a.j.t.JMeterThread: Thread started: Add Visit Load 1-586
2026-08-04 21:50:44,601 INFO o.a.j.t.JMeterThread: Thread is done: Add Visit Load 1-476
2026-08-04 21:50:44,601 INFO o.a.j.t.JMeterThread: Thread finished: Add Visit Load 1-476
2026-08-04 21:50:44,636 INFO o.a.j.t.JMeterThread: Thread is done: Add Visit Load 1-266
2026-08-04 21:50:44,636 INFO o.a.j.t.JMeterThread: Thread finished: Add Visit Load 1-266
2026-08-04 21:50:44,653 INFO o.a.j.t.JMeterThread: Thread is done: Add Visit Load 1-552
2026-08-04 21:50:44,653 INFO o.a.j.t.JMeterThread: Thread finished: Add Visit Load 1-552
2026-08-04 21:50:44,666 INFO o.a.j.t.JMeterThread: Thread is done: Add Visit Load 1-577
2026-08-04 21:50:44,666 INFO o.a.j.t.JMeterThread: Thread finished: Add Visit Load 1-577
2026-08-04 21:50:44,704 INFO o.a.j.t.JMeterThread: Thread started: Add Visit Load 1-587
2026-08-04 21:50:44,710 INFO o.a.j.t.JMeterThread: Thread is done: Add Visit Load 1-441
2026-08-04 21:50:44,710 INFO o.a.j.t.JMeterThread: Thread finished: Add Visit Load 1-441
2026-08-04 21:50:44,715 INFO o.a.j.t.JMeterThread: Thread is done: Add Visit Load 1-433
2026-08-04 21:50:44,715 INFO o.a.j.t.JMeterThread: Thread finished: Add Visit Load 1-433
2026-08-04 21:50:44,743 INFO o.a.j.t.JMeterThread: Thread is done: Add Visit Load 1-309
2026-08-04 21:50:44,743 INFO o.a.j.t.JMeterThread: Thread finished: Add Visit Load 1-309
2026-08-04 21:50:44,797 INFO o.a.j.t.JMeterThread: Thread started: Add Visit Load 1-588
2026-08-04 21:50:44,860 INFO o.a.j.t.JMeterThread: Thread started: Add Visit Load 1-589
2026-08-04 21:50:44,885 INFO o.a.j.t.JMeterThread: Thread is done: Add Visit Load 1-492
2026-08-04 21:50:44,885 INFO o.a.j.t.JMeterThread: Thread finished: Add Visit Load 1-492
2026-08-04 21:50:44,950 INFO o.a.j.t.JMeterThread: Thread started: Add Visit Load 1-590
2026-08-04 21:50:44,965 INFO o.a.j.t.JMeterThread: Thread is done: Add Visit Load 1-524
2026-08-04 21:50:44,965 INFO o.a.j.t.JMeterThread: Thread finished: Add Visit Load 1-524
2026-08-04 21:50:44,988 INFO o.a.j.t.JMeterThread: Thread is done: Add Visit Load 1-523
2026-08-04 21:50:44,988 INFO o.a.j.t.JMeterThread: Thread finished: Add Visit Load 1-523
2026-08-04 21:50:44,989 INFO o.a.j.t.JMeterThread: Thread is done: Add Visit Load 1-566
2026-08-04 21:50:44,989 INFO o.a.j.t.JMeterThread: Thread finished: Add Visit Load 1-566
2026-08-04 21:50:45,064 INFO o.a.j.t.JMeterThread: Thread started: Add Visit Load 1-591
2026-08-04 21:50:45,113 INFO o.a.j.t.JMeterThread: Thread is done: Add Visit Load 1-540
2026-08-04 21:50:45,113 INFO o.a.j.t.JMeterThread: Thread finished: Add Visit Load 1-540
2026-08-04 21:50:45,121 INFO o.a.j.t.JMeterThread: Thread is done: Add Visit Load 1-568
2026-08-04 21:50:45,121 INFO o.a.j.t.JMeterThread: Thread finished: Add Visit Load 1-568
2026-08-04 21:50:45,122 INFO o.a.j.t.JMeterThread: Thread is done: Add Visit Load 1-379
2026-08-04 21:50:45,122 INFO o.a.j.t.JMeterThread: Thread finished: Add Visit Load 1-379
2026-08-04 21:50:45,123 INFO o.a.j.t.JMeterThread: Thread is done: Add Visit Load 1-326
2026-08-04 21:50:45,123 INFO o.a.j.t.JMeterThread: Thread finished: Add Visit Load 1-326
2026-08-04 21:50:45,153 INFO o.a.j.t.JMeterThread: Thread started: Add Visit Load 1-592
2026-08-04 21:50:45,169 INFO o.a.j.t.JMeterThread: Thread is done: Add Visit Load 1-551
2026-08-04 21:50:45,169 INFO o.a.j.t.JMeterThread: Thread finished: Add Visit Load 1-551
2026-08-04 21:50:45,171 INFO o.a.j.t.JMeterThread: Thread is done: Add Visit Load 1-514
2026-08-04 21:50:45,171 INFO o.a.j.t.JMeterThread: Thread finished: Add Visit Load 1-514
2026-08-04 21:50:45,194 INFO o.a.j.t.JMeterThread: Thread is done: Add Visit Load 1-563
2026-08-04 21:50:45,194 INFO o.a.j.t.JMeterThread: Thread finished: Add Visit Load 1-563
2026-08-04 21:50:45,218 INFO o.a.j.t.JMeterThread: Thread started: Add Visit Load 1-593
2026-08-04 21:50:45,256 INFO o.a.j.t.JMeterThread: Thread is done: Add Visit Load 1-584
2026-08-04 21:50:45,256 INFO o.a.j.t.JMeterThread: Thread finished: Add Visit Load 1-584
2026-08-04 21:50:45,256 INFO o.a.j.t.JMeterThread: Thread is done: Add Visit Load 1-199
2026-08-04 21:50:45,256 INFO o.a.j.t.JMeterThread: Thread finished: Add Visit Load 1-199
2026-08-04 21:50:45,272 INFO o.a.j.t.JMeterThread: Thread is done: Add Visit Load 1-316
2026-08-04 21:50:45,273 INFO o.a.j.t.JMeterThread: Thread finished: Add Visit Load 1-316
2026-08-04 21:50:45,308 INFO o.a.j.t.JMeterThread: Thread started: Add Visit Load 1-594
2026-08-04 21:50:45,422 INFO o.a.j.t.JMeterThread: Thread started: Add Visit Load 1-595
2026-08-04 21:50:45,533 INFO o.a.j.t.JMeterThread: Thread started: Add Visit Load 1-596
2026-08-04 21:50:45,570 INFO o.a.j.t.JMeterThread: Thread started: Add Visit Load 1-597
2026-08-04 21:50:45,667 INFO o.a.j.t.JMeterThread: Thread started: Add Visit Load 1-598
2026-08-04 21:50:45,781 INFO o.a.j.t.JMeterThread: Thread started: Add Visit Load 1-599
2026-08-04 21:50:45,835 INFO o.a.j.t.JMeterThread: Thread started: Add Visit Load 1-600
2026-08-04 21:50:45,937 INFO o.a.j.t.JMeterThread: Thread started: Add Visit Load 1-601
2026-08-04 21:50:46,024 INFO o.a.j.t.JMeterThread: Thread started: Add Visit Load 1-602
2026-08-04 21:50:46,140 INFO o.a.j.t.JMeterThread: Thread started: Add Visit Load 1-603
2026-08-04 21:50:46,228 INFO o.a.j.t.JMeterThread: Thread started: Add Visit Load 1-604
2026-08-04 21:50:46,239 INFO o.a.j.t.JMeterThread: Thread is done: Add Visit Load 1-345
2026-08-04 21:50:46,239 INFO o.a.j.t.JMeterThread: Thread finished: Add Visit Load 1-345
2026-08-04 21:50:46,255 INFO o.a.j.t.JMeterThread: Thread is done: Add Visit Load 1-364
2026-08-04 21:50:46,255 INFO o.a.j.t.JMeterThread: Thread finished: Add Visit Load 1-364
2026-08-04 21:50:46,295 INFO o.a.j.t.JMeterThread: Thread started: Add Visit Load 1-605
2026-08-04 21:50:46,375 INFO o.a.j.t.JMeterThread: Thread started: Add Visit Load 1-606
2026-08-04 21:50:46,497 INFO o.a.j.t.JMeterThread: Thread started: Add Visit Load 1-607
2026-08-04 21:50:46,577 INFO o.a.j.t.JMeterThread: Thread started: Add Visit Load 1-608
2026-08-04 21:50:46,654 INFO o.a.j.t.JMeterThread: Thread started: Add Visit Load 1-609
2026-08-04 21:50:46,744 INFO o.a.j.t.JMeterThread: Thread started: Add Visit Load 1-610
2026-08-04 21:50:46,818 INFO o.a.j.t.JMeterThread: Thread started: Add Visit Load 1-611
2026-08-04 21:50:46,937 INFO o.a.j.t.JMeterThread: Thread started: Add Visit Load 1-612
2026-08-04 21:50:47,012 INFO o.a.j.t.JMeterThread: Thread started: Add Visit Load 1-613
2026-08-04 21:50:47,100 INFO o.a.j.t.JMeterThread: Thread started: Add Visit Load 1-614
2026-08-04 21:50:47,214 INFO o.a.j.t.JMeterThread: Thread started: Add Visit Load 1-615
2026-08-04 21:50:47,302 INFO o.a.j.t.JMeterThread: Thread started: Add Visit Load 1-616
2026-08-04 21:50:47,359 INFO o.a.j.t.JMeterThread: Thread started: Add Visit Load 1-617
2026-08-04 21:50:47,462 INFO o.a.j.t.JMeterThread: Thread started: Add Visit Load 1-618
2026-08-04 21:50:47,548 INFO o.a.j.t.JMeterThread: Thread started: Add Visit Load 1-619
2026-08-04 21:50:47,661 INFO o.a.j.t.JMeterThread: Thread started: Add Visit Load 1-620
2026-08-04 21:50:47,730 INFO o.a.j.t.JMeterThread: Thread started: Add Visit Load 1-621
2026-08-04 21:50:47,810 INFO o.a.j.t.JMeterThread: Thread started: Add Visit Load 1-622
2026-08-04 21:50:47,929 INFO o.a.j.t.JMeterThread: Thread started: Add Visit Load 1-623
2026-08-04 21:50:48,019 INFO o.a.j.t.JMeterThread: Thread started: Add Visit Load 1-624
2026-08-04 21:50:48,085 INFO o.a.j.t.JMeterThread: Thread started: Add Visit Load 1-625
2026-08-04 21:50:48,181 INFO o.a.j.t.JMeterThread: Thread started: Add Visit Load 1-626
2026-08-04 21:50:48,287 INFO o.a.j.t.JMeterThread: Thread started: Add Visit Load 1-627
2026-08-04 21:50:48,374 INFO o.a.j.t.JMeterThread: Thread started: Add Visit Load 1-628
2026-08-04 21:50:48,446 INFO o.a.j.t.JMeterThread: Thread started: Add Visit Load 1-629
2026-08-04 21:50:48,535 INFO o.a.j.t.JMeterThread: Thread started: Add Visit Load 1-630
2026-08-04 21:50:48,644 INFO o.a.j.t.JMeterThread: Thread started: Add Visit Load 1-631
2026-08-04 21:50:48,733 INFO o.a.j.t.JMeterThread: Thread started: Add Visit Load 1-632
2026-08-04 21:50:48,805 INFO o.a.j.t.JMeterThread: Thread started: Add Visit Load 1-633
2026-08-04 21:50:48,888 INFO o.a.j.t.JMeterThread: Thread started: Add Visit Load 1-634
2026-08-04 21:50:49,000 INFO o.a.j.t.JMeterThread: Thread started: Add Visit Load 1-635
2026-08-04 21:50:49,090 INFO o.a.j.t.JMeterThread: Thread started: Add Visit Load 1-636
2026-08-04 21:50:49,209 INFO o.a.j.t.JMeterThread: Thread started: Add Visit Load 1-637
2026-08-04 21:50:49,244 INFO o.a.j.t.JMeterThread: Thread started: Add Visit Load 1-638
2026-08-04 21:50:49,359 INFO o.a.j.t.JMeterThread: Thread started: Add Visit Load 1-639
2026-08-04 21:50:49,449 INFO o.a.j.t.JMeterThread: Thread started: Add Visit Load 1-640
2026-08-04 21:50:49,511 INFO o.a.j.t.JMeterThread: Thread started: Add Visit Load 1-641
2026-08-04 21:50:49,611 INFO o.a.j.t.JMeterThread: Thread started: Add Visit Load 1-642
2026-08-04 21:50:49,672 INFO o.a.j.t.JMeterThread: Thread is done: Add Visit Load 1-337
2026-08-04 21:50:49,672 INFO o.a.j.t.JMeterThread: Thread finished: Add Visit Load 1-337
2026-08-04 21:50:49,716 INFO o.a.j.t.JMeterThread: Thread started: Add Visit Load 1-643
2026-08-04 21:50:49,806 INFO o.a.j.t.JMeterThread: Thread started: Add Visit Load 1-644
2026-08-04 21:50:49,867 INFO o.a.j.t.JMeterThread: Thread is done: Add Visit Load 1-519
2026-08-04 21:50:49,867 INFO o.a.j.t.JMeterThread: Thread finished: Add Visit Load 1-519
2026-08-04 21:50:49,879 INFO o.a.j.t.JMeterThread: Thread started: Add Visit Load 1-645
2026-08-04 21:50:49,939 INFO o.a.j.t.JMeterThread: Thread is done: Add Visit Load 1-443
2026-08-04 21:50:49,939 INFO o.a.j.t.JMeterThread: Thread finished: Add Visit Load 1-443
2026-08-04 21:50:49,941 INFO o.a.j.t.JMeterThread: Thread is done: Add Visit Load 1-505
2026-08-04 21:50:49,941 INFO o.a.j.t.JMeterThread: Thread finished: Add Visit Load 1-505
2026-08-04 21:50:49,941 INFO o.a.j.t.JMeterThread: Thread is done: Add Visit Load 1-203
2026-08-04 21:50:49,941 INFO o.a.j.t.JMeterThread: Thread finished: Add Visit Load 1-203
2026-08-04 21:50:49,942 INFO o.a.j.t.JMeterThread: Thread is done: Add Visit Load 1-226
2026-08-04 21:50:49,942 INFO o.a.j.t.JMeterThread: Thread finished: Add Visit Load 1-226
2026-08-04 21:50:49,971 INFO o.a.j.t.JMeterThread: Thread started: Add Visit Load 1-646
2026-08-04 21:50:49,983 INFO o.a.j.t.JMeterThread: Thread is done: Add Visit Load 1-96
2026-08-04 21:50:49,983 INFO o.a.j.t.JMeterThread: Thread finished: Add Visit Load 1-96
2026-08-04 21:50:50,077 INFO o.a.j.t.JMeterThread: Thread started: Add Visit Load 1-647
2026-08-04 21:50:50,165 INFO o.a.j.t.JMeterThread: Thread started: Add Visit Load 1-648
2026-08-04 21:50:50,227 INFO o.a.j.t.JMeterThread: Thread started: Add Visit Load 1-649
2026-08-04 21:50:50,244 INFO o.a.j.t.JMeterThread: Thread is done: Add Visit Load 1-580
2026-08-04 21:50:50,244 INFO o.a.j.t.JMeterThread: Thread finished: Add Visit Load 1-580
2026-08-04 21:50:50,328 INFO o.a.j.t.JMeterThread: Thread started: Add Visit Load 1-650
2026-08-04 21:50:50,360 INFO o.a.j.t.JMeterThread: Thread is done: Add Visit Load 1-579
2026-08-04 21:50:50,361 INFO o.a.j.t.JMeterThread: Thread finished: Add Visit Load 1-579
2026-08-04 21:50:50,362 INFO o.a.j.t.JMeterThread: Thread is done: Add Visit Load 1-562
2026-08-04 21:50:50,363 INFO o.a.j.t.JMeterThread: Thread finished: Add Visit Load 1-562
2026-08-04 21:50:50,401 INFO o.a.j.t.JMeterThread: Thread is done: Add Visit Load 1-567
2026-08-04 21:50:50,401 INFO o.a.j.t.JMeterThread: Thread finished: Add Visit Load 1-567
2026-08-04 21:50:50,434 INFO o.a.j.t.JMeterThread: Thread started: Add Visit Load 1-651
2026-08-04 21:50:50,523 INFO o.a.j.t.JMeterThread: Thread started: Add Visit Load 1-652
2026-08-04 21:50:50,598 INFO o.a.j.t.JMeterThread: Thread started: Add Visit Load 1-653
2026-08-04 21:50:50,676 INFO o.a.j.t.JMeterThread: Thread started: Add Visit Load 1-654
2026-08-04 21:50:50,718 INFO o.a.j.t.JMeterThread: Thread is done: Add Visit Load 1-348
2026-08-04 21:50:50,718 INFO o.a.j.t.JMeterThread: Thread finished: Add Visit Load 1-348
2026-08-04 21:50:50,784 INFO o.a.j.t.JMeterThread: Thread is done: Add Visit Load 1-299
2026-08-04 21:50:50,784 INFO o.a.j.t.JMeterThread: Thread finished: Add Visit Load 1-299
2026-08-04 21:50:50,792 INFO o.a.j.t.JMeterThread: Thread started: Add Visit Load 1-655
2026-08-04 21:50:50,880 INFO o.a.j.t.JMeterThread: Thread started: Add Visit Load 1-656
2026-08-04 21:50:50,955 INFO o.a.j.t.JMeterThread: Thread started: Add Visit Load 1-657
2026-08-04 21:50:51,028 INFO o.a.j.t.JMeterThread: Thread is done: Add Visit Load 1-324
2026-08-04 21:50:51,028 INFO o.a.j.t.JMeterThread: Thread finished: Add Visit Load 1-324
2026-08-04 21:50:51,045 INFO o.a.j.t.JMeterThread: Thread started: Add Visit Load 1-658
2026-08-04 21:50:51,055 INFO o.a.j.t.JMeterThread: Thread is done: Add Visit Load 1-458
2026-08-04 21:50:51,055 INFO o.a.j.t.JMeterThread: Thread finished: Add Visit Load 1-458
2026-08-04 21:50:51,100 INFO o.a.j.t.JMeterThread: Thread is done: Add Visit Load 1-335
2026-08-04 21:50:51,100 INFO o.a.j.t.JMeterThread: Thread finished: Add Visit Load 1-335
2026-08-04 21:50:51,150 INFO o.a.j.t.JMeterThread: Thread started: Add Visit Load 1-659
2026-08-04 21:50:51,202 INFO o.a.j.t.JMeterThread: Thread is done: Add Visit Load 1-359
2026-08-04 21:50:51,202 INFO o.a.j.t.JMeterThread: Thread finished: Add Visit Load 1-359
2026-08-04 21:50:51,232 INFO o.a.j.t.JMeterThread: Thread is done: Add Visit Load 1-640
2026-08-04 21:50:51,232 INFO o.a.j.t.JMeterThread: Thread finished: Add Visit Load 1-640
2026-08-04 21:50:51,240 INFO o.a.j.t.JMeterThread: Thread started: Add Visit Load 1-660
2026-08-04 21:50:51,312 INFO o.a.j.t.JMeterThread: Thread started: Add Visit Load 1-661
2026-08-04 21:50:51,394 INFO o.a.j.t.JMeterThread: Thread started: Add Visit Load 1-662
2026-08-04 21:50:51,509 INFO o.a.j.t.JMeterThread: Thread started: Add Visit Load 1-663
2026-08-04 21:50:51,600 INFO o.a.j.t.JMeterThread: Thread started: Add Visit Load 1-664
2026-08-04 21:50:51,672 INFO o.a.j.t.JMeterThread: Thread started: Add Visit Load 1-665
2026-08-04 21:50:51,759 INFO o.a.j.t.JMeterThread: Thread started: Add Visit Load 1-666
2026-08-04 21:50:51,869 INFO o.a.j.t.JMeterThread: Thread started: Add Visit Load 1-667
2026-08-04 21:50:51,958 INFO o.a.j.t.JMeterThread: Thread started: Add Visit Load 1-668
2026-08-04 21:50:52,019 INFO o.a.j.t.JMeterThread: Thread started: Add Visit Load 1-669
2026-08-04 21:50:52,117 INFO o.a.j.t.JMeterThread: Thread started: Add Visit Load 1-670
2026-08-04 21:50:52,228 INFO o.a.j.t.JMeterThread: Thread started: Add Visit Load 1-671
2026-08-04 21:50:52,318 INFO o.a.j.t.JMeterThread: Thread started: Add Visit Load 1-672
2026-08-04 21:50:52,377 INFO o.a.j.t.JMeterThread: Thread started: Add Visit Load 1-673
2026-08-04 21:50:52,479 INFO o.a.j.t.JMeterThread: Thread started: Add Visit Load 1-674
2026-08-04 21:50:52,587 INFO o.a.j.t.JMeterThread: Thread started: Add Visit Load 1-675
2026-08-04 21:50:52,676 INFO o.a.j.t.JMeterThread: Thread started: Add Visit Load 1-676
2026-08-04 21:50:52,749 INFO o.a.j.t.JMeterThread: Thread started: Add Visit Load 1-677
2026-08-04 21:50:52,827 INFO o.a.j.t.JMeterThread: Thread started: Add Visit Load 1-678
2026-08-04 21:50:52,943 INFO o.a.j.t.JMeterThread: Thread started: Add Visit Load 1-679
2026-08-04 21:50:53,034 INFO o.a.j.t.JMeterThread: Thread started: Add Visit Load 1-680
2026-08-04 21:50:53,107 INFO o.a.j.t.JMeterThread: Thread started: Add Visit Load 1-681
2026-08-04 21:50:53,247 INFO o.a.j.t.JMeterThread: Thread started: Add Visit Load 1-682
2026-08-04 21:50:53,301 INFO o.a.j.t.JMeterThread: Thread started: Add Visit Load 1-683
2026-08-04 21:50:53,368 INFO o.a.j.t.JMeterThread: Thread started: Add Visit Load 1-684
2026-08-04 21:50:53,486 INFO o.a.j.t.JMeterThread: Thread started: Add Visit Load 1-685
2026-08-04 21:50:53,574 INFO o.a.j.t.JMeterThread: Thread started: Add Visit Load 1-686
2026-08-04 21:50:53,661 INFO o.a.j.t.JMeterThread: Thread started: Add Visit Load 1-687
2026-08-04 21:50:53,749 INFO o.a.j.t.JMeterThread: Thread started: Add Visit Load 1-688
2026-08-04 21:50:53,821 INFO o.a.j.t.JMeterThread: Thread started: Add Visit Load 1-689
2026-08-04 21:50:53,965 INFO o.a.j.t.JMeterThread: Thread started: Add Visit Load 1-690
2026-08-04 21:50:54,019 INFO o.a.j.t.JMeterThread: Thread started: Add Visit Load 1-691
2026-08-04 21:50:54,107 INFO o.a.j.t.JMeterThread: Thread started: Add Visit Load 1-692
2026-08-04 21:50:54,234 INFO o.a.j.t.JMeterThread: Thread started: Add Visit Load 1-693
2026-08-04 21:50:54,262 INFO o.a.j.t.JMeterThread: Thread started: Add Visit Load 1-694
2026-08-04 21:50:54,375 INFO o.a.j.t.JMeterThread: Thread started: Add Visit Load 1-695
2026-08-04 21:50:54,465 INFO o.a.j.t.JMeterThread: Thread started: Add Visit Load 1-696
2026-08-04 21:50:54,531 INFO o.a.j.t.JMeterThread: Thread started: Add Visit Load 1-697
2026-08-04 21:50:54,652 INFO o.a.j.t.JMeterThread: Thread is done: Add Visit Load 1-576
2026-08-04 21:50:54,653 INFO o.a.j.t.JMeterThread: Thread finished: Add Visit Load 1-576
2026-08-04 21:50:54,655 INFO o.a.j.t.JMeterThread: Thread started: Add Visit Load 1-698
2026-08-04 21:50:54,734 INFO o.a.j.t.JMeterThread: Thread started: Add Visit Load 1-699
2026-08-04 21:50:54,805 INFO o.a.j.t.JMeterThread: Thread is done: Add Visit Load 1-581
2026-08-04 21:50:54,805 INFO o.a.j.t.JMeterThread: Thread finished: Add Visit Load 1-581
2026-08-04 21:50:54,825 INFO o.a.j.t.JMeterThread: Thread started: Add Visit Load 1-700
2026-08-04 21:50:54,849 INFO o.a.j.t.JMeterThread: Thread is done: Add Visit Load 1-428
2026-08-04 21:50:54,850 INFO o.a.j.t.JMeterThread: Thread finished: Add Visit Load 1-428
2026-08-04 21:50:54,920 INFO o.a.j.t.JMeterThread: Thread started: Add Visit Load 1-701
2026-08-04 21:50:54,971 INFO o.a.j.t.JMeterThread: Thread is done: Add Visit Load 1-589
2026-08-04 21:50:54,971 INFO o.a.j.t.JMeterThread: Thread finished: Add Visit Load 1-589
2026-08-04 21:50:54,987 INFO o.a.j.t.JMeterThread: Thread started: Add Visit Load 1-702
2026-08-04 21:50:55,074 INFO o.a.j.t.JMeterThread: Thread is done: Add Visit Load 1-578
2026-08-04 21:50:55,074 INFO o.a.j.t.JMeterThread: Thread finished: Add Visit Load 1-578
2026-08-04 21:50:55,092 INFO o.a.j.t.JMeterThread: Thread started: Add Visit Load 1-703
2026-08-04 21:50:55,178 INFO o.a.j.t.JMeterThread: Thread started: Add Visit Load 1-704
2026-08-04 21:50:55,261 INFO o.a.j.t.JMeterThread: Thread started: Add Visit Load 1-705
2026-08-04 21:50:55,337 INFO o.a.j.t.JMeterThread: Thread started: Add Visit Load 1-706
2026-08-04 21:50:55,366 INFO o.a.j.t.JMeterThread: Thread is done: Add Visit Load 1-355
2026-08-04 21:50:55,367 INFO o.a.j.t.JMeterThread: Thread finished: Add Visit Load 1-355
2026-08-04 21:50:55,402 INFO o.a.j.t.JMeterThread: Thread is done: Add Visit Load 1-325
2026-08-04 21:50:55,402 INFO o.a.j.t.JMeterThread: Thread finished: Add Visit Load 1-325
2026-08-04 21:50:55,450 INFO o.a.j.t.JMeterThread: Thread started: Add Visit Load 1-707
2026-08-04 21:50:55,539 INFO o.a.j.t.JMeterThread: Thread started: Add Visit Load 1-708
2026-08-04 21:50:55,616 INFO o.a.j.t.JMeterThread: Thread started: Add Visit Load 1-709
2026-08-04 21:50:55,704 INFO o.a.j.t.JMeterThread: Thread is done: Add Visit Load 1-641
2026-08-04 21:50:55,704 INFO o.a.j.t.JMeterThread: Thread finished: Add Visit Load 1-641
2026-08-04 21:50:55,750 INFO o.a.j.t.JMeterThread: Thread is done: Add Visit Load 1-618
2026-08-04 21:50:55,750 INFO o.a.j.t.JMeterThread: Thread finished: Add Visit Load 1-618
2026-08-04 21:50:55,756 INFO o.a.j.t.JMeterThread: Thread started: Add Visit Load 1-710
2026-08-04 21:50:55,773 INFO o.a.j.t.JMeterThread: Thread is done: Add Visit Load 1-621
2026-08-04 21:50:55,773 INFO o.a.j.t.JMeterThread: Thread finished: Add Visit Load 1-621
2026-08-04 21:50:55,807 INFO o.a.j.t.JMeterThread: Thread started: Add Visit Load 1-711
2026-08-04 21:50:55,898 INFO o.a.j.t.JMeterThread: Thread started: Add Visit Load 1-712
2026-08-04 21:50:55,950 INFO o.a.j.t.JMeterThread: Thread is done: Add Visit Load 1-477
2026-08-04 21:50:55,950 INFO o.a.j.t.JMeterThread: Thread finished: Add Visit Load 1-477
2026-08-04 21:50:55,961 INFO o.a.j.t.JMeterThread: Thread started: Add Visit Load 1-713
2026-08-04 21:50:56,020 INFO o.a.j.t.JMeterThread: Thread started: Add Visit Load 1-714
2026-08-04 21:50:56,129 INFO o.a.j.t.JMeterThread: Thread started: Add Visit Load 1-715
2026-08-04 21:50:56,230 INFO o.a.j.t.JMeterThread: Thread started: Add Visit Load 1-716
2026-08-04 21:50:56,236 INFO o.a.j.t.JMeterThread: Thread is done: Add Visit Load 1-611
2026-08-04 21:50:56,236 INFO o.a.j.t.JMeterThread: Thread finished: Add Visit Load 1-611
2026-08-04 21:50:56,289 INFO o.a.j.t.JMeterThread: Thread started: Add Visit Load 1-717
2026-08-04 21:50:56,373 INFO o.a.j.t.JMeterThread: Thread is done: Add Visit Load 1-427
2026-08-04 21:50:56,373 INFO o.a.j.t.JMeterThread: Thread finished: Add Visit Load 1-427
2026-08-04 21:50:56,377 INFO o.a.j.t.JMeterThread: Thread started: Add Visit Load 1-718
2026-08-04 21:50:56,389 INFO o.a.j.t.JMeterThread: Thread is done: Add Visit Load 1-231
2026-08-04 21:50:56,389 INFO o.a.j.t.JMeterThread: Thread finished: Add Visit Load 1-231
2026-08-04 21:50:56,495 INFO o.a.j.t.JMeterThread: Thread started: Add Visit Load 1-719
2026-08-04 21:50:56,590 INFO o.a.j.t.JMeterThread: Thread started: Add Visit Load 1-720
2026-08-04 21:50:56,649 INFO o.a.j.t.JMeterThread: Thread started: Add Visit Load 1-721
2026-08-04 21:50:56,739 INFO o.a.j.t.JMeterThread: Thread started: Add Visit Load 1-722
2026-08-04 21:50:56,890 INFO o.a.j.t.JMeterThread: Thread started: Add Visit Load 1-723
2026-08-04 21:50:56,938 INFO o.a.j.t.JMeterThread: Thread started: Add Visit Load 1-724
2026-08-04 21:50:57,002 INFO o.a.j.t.JMeterThread: Thread started: Add Visit Load 1-725
2026-08-04 21:50:57,092 INFO o.a.j.t.JMeterThread: Thread started: Add Visit Load 1-726
2026-08-04 21:50:57,248 INFO o.a.j.t.JMeterThread: Thread started: Add Visit Load 1-727
2026-08-04 21:50:57,302 INFO o.a.j.t.JMeterThread: Thread started: Add Visit Load 1-728
2026-08-04 21:50:57,352 INFO o.a.j.t.JMeterThread: Thread started: Add Visit Load 1-729
2026-08-04 21:50:57,353 INFO o.a.j.t.JMeterThread: Thread is done: Add Visit Load 1-642
2026-08-04 21:50:57,353 INFO o.a.j.t.JMeterThread: Thread finished: Add Visit Load 1-642
2026-08-04 21:50:57,354 INFO o.a.j.t.JMeterThread: Thread is done: Add Visit Load 1-302
2026-08-04 21:50:57,354 INFO o.a.j.t.JMeterThread: Thread finished: Add Visit Load 1-302
2026-08-04 21:50:57,449 INFO o.a.j.t.JMeterThread: Thread started: Add Visit Load 1-730
2026-08-04 21:50:57,530 INFO o.a.j.t.JMeterThread: Thread started: Add Visit Load 1-731
2026-08-04 21:50:57,620 INFO o.a.j.t.JMeterThread: Thread started: Add Visit Load 1-732
2026-08-04 21:50:57,754 INFO o.a.j.t.JMeterThread: Thread started: Add Visit Load 1-733
2026-08-04 21:50:57,808 INFO o.a.j.t.JMeterThread: Thread started: Add Visit Load 1-734
2026-08-04 21:50:57,895 INFO o.a.j.t.JMeterThread: Thread started: Add Visit Load 1-735
2026-08-04 21:50:58,033 INFO o.a.j.t.JMeterThread: Thread started: Add Visit Load 1-736
2026-08-04 21:50:58,078 INFO o.a.j.t.JMeterThread: Thread started: Add Visit Load 1-737
2026-08-04 21:50:58,199 INFO o.a.j.t.JMeterThread: Thread started: Add Visit Load 1-738
2026-08-04 21:50:58,254 INFO o.a.j.t.JMeterThread: Thread started: Add Visit Load 1-739
2026-08-04 21:50:58,377 INFO o.a.j.t.JMeterThread: Thread started: Add Visit Load 1-740
2026-08-04 21:50:58,437 INFO o.a.j.t.JMeterThread: Thread started: Add Visit Load 1-741
2026-08-04 21:50:58,567 INFO o.a.j.t.JMeterThread: Thread started: Add Visit Load 1-742
2026-08-04 21:50:58,649 INFO o.a.j.t.JMeterThread: Thread started: Add Visit Load 1-743
2026-08-04 21:50:58,704 INFO o.a.j.t.JMeterThread: Thread started: Add Visit Load 1-744
2026-08-04 21:50:58,826 INFO o.a.j.t.JMeterThread: Thread started: Add Visit Load 1-745
2026-08-04 21:50:58,938 INFO o.a.j.t.JMeterThread: Thread started: Add Visit Load 1-746
2026-08-04 21:50:59,007 INFO o.a.j.t.JMeterThread: Thread started: Add Visit Load 1-747
2026-08-04 21:50:59,110 INFO o.a.j.t.JMeterThread: Thread started: Add Visit Load 1-748
2026-08-04 21:50:59,206 INFO o.a.j.t.JMeterThread: Thread started: Add Visit Load 1-749
2026-08-04 21:50:59,309 INFO o.a.j.t.JMeterThread: Thread started: Add Visit Load 1-750
2026-08-04 21:50:59,317 INFO o.a.j.t.JMeterThread: Thread is done: Add Visit Load 1-376
2026-08-04 21:50:59,317 INFO o.a.j.t.JMeterThread: Thread finished: Add Visit Load 1-376
2026-08-04 21:50:59,354 INFO o.a.j.t.JMeterThread: Thread is done: Add Visit Load 1-281
2026-08-04 21:50:59,355 INFO o.a.j.t.JMeterThread: Thread finished: Add Visit Load 1-281
2026-08-04 21:50:59,359 INFO o.a.j.t.JMeterThread: Thread started: Add Visit Load 1-751
2026-08-04 21:50:59,371 INFO o.a.j.t.JMeterThread: Thread is done: Add Visit Load 1-497
2026-08-04 21:50:59,371 INFO o.a.j.t.JMeterThread: Thread finished: Add Visit Load 1-497
2026-08-04 21:50:59,454 INFO o.a.j.t.JMeterThread: Thread started: Add Visit Load 1-752
2026-08-04 21:50:59,544 INFO o.a.j.t.JMeterThread: Thread started: Add Visit Load 1-753
2026-08-04 21:50:59,664 INFO o.a.j.t.JMeterThread: Thread started: Add Visit Load 1-754
2026-08-04 21:50:59,738 INFO o.a.j.t.JMeterThread: Thread started: Add Visit Load 1-755
2026-08-04 21:50:59,762 INFO o.a.j.t.JMeterThread: Thread is done: Add Visit Load 1-387
2026-08-04 21:50:59,762 INFO o.a.j.t.JMeterThread: Thread finished: Add Visit Load 1-387
2026-08-04 21:50:59,831 INFO o.a.j.t.JMeterThread: Thread started: Add Visit Load 1-756
2026-08-04 21:50:59,894 INFO o.a.j.t.JMeterThread: Thread is done: Add Visit Load 1-591
2026-08-04 21:50:59,894 INFO o.a.j.t.JMeterThread: Thread finished: Add Visit Load 1-591
2026-08-04 21:50:59,920 INFO o.a.j.t.JMeterThread: Thread started: Add Visit Load 1-757
2026-08-04 21:50:59,949 INFO o.a.j.t.JMeterThread: Thread started: Add Visit Load 1-758
2026-08-04 21:50:59,977 INFO o.a.j.t.JMeterThread: Thread is done: Add Visit Load 1-546
2026-08-04 21:50:59,977 INFO o.a.j.t.JMeterThread: Thread finished: Add Visit Load 1-546
2026-08-04 21:51:00,049 INFO o.a.j.r.Summariser: summary +    333 in 00:00:27 =   12.2/s Avg:  8325 Min:   229 Max: 44050 Err:   169 (50.75%) Active: 444 Started: 758 Finished: 314
2026-08-04 21:51:00,050 INFO o.a.j.r.Summariser: summary =    710 in 00:01:08 =   10.4/s Avg:  5669 Min:   216 Max: 44050 Err:   327 (46.06%)
2026-08-04 21:51:00,050 INFO o.a.j.t.JMeterThread: Thread is done: Add Visit Load 1-680
2026-08-04 21:51:00,050 INFO o.a.j.t.JMeterThread: Thread finished: Add Visit Load 1-680
2026-08-04 21:51:00,062 INFO o.a.j.t.JMeterThread: Thread started: Add Visit Load 1-759
2026-08-04 21:51:00,162 INFO o.a.j.t.JMeterThread: Thread is done: Add Visit Load 1-688
2026-08-04 21:51:00,162 INFO o.a.j.t.JMeterThread: Thread finished: Add Visit Load 1-688
2026-08-04 21:51:00,190 INFO o.a.j.t.JMeterThread: Thread started: Add Visit Load 1-760
2026-08-04 21:51:00,257 INFO o.a.j.t.JMeterThread: Thread started: Add Visit Load 1-761
2026-08-04 21:51:00,348 INFO o.a.j.t.JMeterThread: Thread started: Add Visit Load 1-762
2026-08-04 21:51:00,459 INFO o.a.j.t.JMeterThread: Thread started: Add Visit Load 1-763
2026-08-04 21:51:00,510 INFO o.a.j.t.JMeterThread: Thread started: Add Visit Load 1-764
2026-08-04 21:51:00,618 INFO o.a.j.t.JMeterThread: Thread started: Add Visit Load 1-765
2026-08-04 21:51:00,658 INFO o.a.j.t.JMeterThread: Thread is done: Add Visit Load 1-622
2026-08-04 21:51:00,658 INFO o.a.j.t.JMeterThread: Thread finished: Add Visit Load 1-622
2026-08-04 21:51:00,663 INFO o.a.j.t.JMeterThread: Thread is done: Add Visit Load 1-447
2026-08-04 21:51:00,663 INFO o.a.j.t.JMeterThread: Thread finished: Add Visit Load 1-447
2026-08-04 21:51:00,712 INFO o.a.j.t.JMeterThread: Thread started: Add Visit Load 1-766
2026-08-04 21:51:00,779 INFO o.a.j.t.JMeterThread: Thread is done: Add Visit Load 1-490
2026-08-04 21:51:00,779 INFO o.a.j.t.JMeterThread: Thread finished: Add Visit Load 1-490
2026-08-04 21:51:00,805 INFO o.a.j.t.JMeterThread: Thread started: Add Visit Load 1-767
2026-08-04 21:51:00,906 INFO o.a.j.t.JMeterThread: Thread started: Add Visit Load 1-768
2026-08-04 21:51:00,973 INFO o.a.j.t.JMeterThread: Thread is done: Add Visit Load 1-666
2026-08-04 21:51:00,973 INFO o.a.j.t.JMeterThread: Thread finished: Add Visit Load 1-666
2026-08-04 21:51:00,988 INFO o.a.j.t.JMeterThread: Thread started: Add Visit Load 1-769
2026-08-04 21:51:01,047 INFO o.a.j.t.JMeterThread: Thread is done: Add Visit Load 1-635
2026-08-04 21:51:01,047 INFO o.a.j.t.JMeterThread: Thread finished: Add Visit Load 1-635
2026-08-04 21:51:01,048 INFO o.a.j.t.JMeterThread: Thread is done: Add Visit Load 1-363
2026-08-04 21:51:01,048 INFO o.a.j.t.JMeterThread: Thread finished: Add Visit Load 1-363
2026-08-04 21:51:01,075 INFO o.a.j.t.JMeterThread: Thread started: Add Visit Load 1-770
2026-08-04 21:51:01,132 INFO o.a.j.t.JMeterThread: Thread started: Add Visit Load 1-771
2026-08-04 21:51:01,200 INFO o.a.j.t.JMeterThread: Thread is done: Add Visit Load 1-656
2026-08-04 21:51:01,200 INFO o.a.j.t.JMeterThread: Thread finished: Add Visit Load 1-656
2026-08-04 21:51:01,224 INFO o.a.j.t.JMeterThread: Thread started: Add Visit Load 1-772
2026-08-04 21:51:01,285 INFO o.a.j.t.JMeterThread: Thread is done: Add Visit Load 1-650
2026-08-04 21:51:01,285 INFO o.a.j.t.JMeterThread: Thread finished: Add Visit Load 1-650
2026-08-04 21:51:01,345 INFO o.a.j.t.JMeterThread: Thread started: Add Visit Load 1-773
2026-08-04 21:51:01,370 INFO o.a.j.t.JMeterThread: Thread is done: Add Visit Load 1-183
2026-08-04 21:51:01,370 INFO o.a.j.t.JMeterThread: Thread finished: Add Visit Load 1-183
2026-08-04 21:51:01,425 INFO o.a.j.t.JMeterThread: Thread started: Add Visit Load 1-774
2026-08-04 21:51:01,492 INFO o.a.j.t.JMeterThread: Thread started: Add Visit Load 1-775
2026-08-04 21:51:01,582 INFO o.a.j.t.JMeterThread: Thread started: Add Visit Load 1-776
2026-08-04 21:51:01,685 INFO o.a.j.t.JMeterThread: Thread started: Add Visit Load 1-777
2026-08-04 21:51:01,795 INFO o.a.j.t.JMeterThread: Thread started: Add Visit Load 1-778
2026-08-04 21:51:01,814 INFO o.a.j.t.JMeterThread: Thread is done: Add Visit Load 1-474
2026-08-04 21:51:01,814 INFO o.a.j.t.JMeterThread: Thread finished: Add Visit Load 1-474
2026-08-04 21:51:01,849 INFO o.a.j.t.JMeterThread: Thread is done: Add Visit Load 1-297
2026-08-04 21:51:01,849 INFO o.a.j.t.JMeterThread: Thread finished: Add Visit Load 1-297
2026-08-04 21:51:01,894 INFO o.a.j.t.JMeterThread: Thread started: Add Visit Load 1-779
2026-08-04 21:51:01,943 INFO o.a.j.t.JMeterThread: Thread started: Add Visit Load 1-780
2026-08-04 21:51:02,042 INFO o.a.j.t.JMeterThread: Thread started: Add Visit Load 1-781
2026-08-04 21:51:02,174 INFO o.a.j.t.JMeterThread: Thread started: Add Visit Load 1-782
2026-08-04 21:51:02,203 INFO o.a.j.t.JMeterThread: Thread is done: Add Visit Load 1-154
2026-08-04 21:51:02,203 INFO o.a.j.t.JMeterThread: Thread finished: Add Visit Load 1-154
2026-08-04 21:51:02,235 INFO o.a.j.t.JMeterThread: Thread started: Add Visit Load 1-783
2026-08-04 21:51:02,342 INFO o.a.j.t.JMeterThread: Thread started: Add Visit Load 1-784
2026-08-04 21:51:02,424 INFO o.a.j.t.JMeterThread: Thread started: Add Visit Load 1-785
2026-08-04 21:51:02,513 INFO o.a.j.t.JMeterThread: Thread started: Add Visit Load 1-786
2026-08-04 21:51:02,570 INFO o.a.j.t.JMeterThread: Thread started: Add Visit Load 1-787
2026-08-04 21:51:02,676 INFO o.a.j.t.JMeterThread: Thread started: Add Visit Load 1-788
2026-08-04 21:51:02,759 INFO o.a.j.t.JMeterThread: Thread started: Add Visit Load 1-789
2026-08-04 21:51:02,873 INFO o.a.j.t.JMeterThread: Thread started: Add Visit Load 1-790
2026-08-04 21:51:02,918 INFO o.a.j.t.JMeterThread: Thread started: Add Visit Load 1-791
2026-08-04 21:51:03,061 INFO o.a.j.t.JMeterThread: Thread started: Add Visit Load 1-792
2026-08-04 21:51:03,143 INFO o.a.j.t.JMeterThread: Thread started: Add Visit Load 1-793
2026-08-04 21:51:03,204 INFO o.a.j.t.JMeterThread: Thread started: Add Visit Load 1-794
2026-08-04 21:51:03,331 INFO o.a.j.t.JMeterThread: Thread started: Add Visit Load 1-795
2026-08-04 21:51:03,331 INFO o.a.j.t.JMeterThread: Thread is done: Add Visit Load 1-224
2026-08-04 21:51:03,332 INFO o.a.j.t.JMeterThread: Thread finished: Add Visit Load 1-224
2026-08-04 21:51:03,354 INFO o.a.j.t.JMeterThread: Thread is done: Add Visit Load 1-742
2026-08-04 21:51:03,354 INFO o.a.j.t.JMeterThread: Thread finished: Add Visit Load 1-742
2026-08-04 21:51:03,394 INFO o.a.j.t.JMeterThread: Thread started: Add Visit Load 1-796
2026-08-04 21:51:03,471 INFO o.a.j.t.JMeterThread: Thread started: Add Visit Load 1-797
2026-08-04 21:51:03,594 INFO o.a.j.t.JMeterThread: Thread started: Add Visit Load 1-798
2026-08-04 21:51:03,700 INFO o.a.j.t.JMeterThread: Thread started: Add Visit Load 1-799
2026-08-04 21:51:03,748 INFO o.a.j.t.JMeterThread: Thread started: Add Visit Load 1-800
2026-08-04 21:51:03,826 INFO o.a.j.t.JMeterThread: Thread started: Add Visit Load 1-801
2026-08-04 21:51:03,957 INFO o.a.j.t.JMeterThread: Thread started: Add Visit Load 1-802
2026-08-04 21:51:03,990 INFO o.a.j.t.JMeterThread: Thread started: Add Visit Load 1-803
2026-08-04 21:51:04,073 INFO o.a.j.t.JMeterThread: Thread started: Add Visit Load 1-804
2026-08-04 21:51:04,185 INFO o.a.j.t.JMeterThread: Thread started: Add Visit Load 1-805
2026-08-04 21:51:04,280 INFO o.a.j.t.JMeterThread: Thread started: Add Visit Load 1-806
2026-08-04 21:51:04,397 INFO o.a.j.t.JMeterThread: Thread started: Add Visit Load 1-807
2026-08-04 21:51:04,461 INFO o.a.j.t.JMeterThread: Thread started: Add Visit Load 1-808
2026-08-04 21:51:04,583 INFO o.a.j.t.JMeterThread: Thread started: Add Visit Load 1-809
2026-08-04 21:51:04,653 INFO o.a.j.t.JMeterThread: Thread started: Add Visit Load 1-810
2026-08-04 21:51:04,762 INFO o.a.j.t.JMeterThread: Thread started: Add Visit Load 1-811
2026-08-04 21:51:04,846 INFO o.a.j.t.JMeterThread: Thread started: Add Visit Load 1-812
2026-08-04 21:51:04,920 INFO o.a.j.t.JMeterThread: Thread started: Add Visit Load 1-813
2026-08-04 21:51:05,027 INFO o.a.j.t.JMeterThread: Thread started: Add Visit Load 1-814
2026-08-04 21:51:05,114 INFO o.a.j.t.JMeterThread: Thread started: Add Visit Load 1-815
2026-08-04 21:51:05,203 INFO o.a.j.t.JMeterThread: Thread started: Add Visit Load 1-816
2026-08-04 21:51:05,302 INFO o.a.j.t.JMeterThread: Thread started: Add Visit Load 1-817
2026-08-04 21:51:05,378 INFO o.a.j.t.JMeterThread: Thread started: Add Visit Load 1-818
2026-08-04 21:51:05,470 INFO o.a.j.t.JMeterThread: Thread started: Add Visit Load 1-819
2026-08-04 21:51:05,558 INFO o.a.j.t.JMeterThread: Thread started: Add Visit Load 1-820
2026-08-04 21:51:05,660 INFO o.a.j.t.JMeterThread: Thread started: Add Visit Load 1-821
2026-08-04 21:51:05,724 INFO o.a.j.t.JMeterThread: Thread started: Add Visit Load 1-822
2026-08-04 21:51:05,829 INFO o.a.j.t.JMeterThread: Thread started: Add Visit Load 1-823
2026-08-04 21:51:05,918 INFO o.a.j.t.JMeterThread: Thread started: Add Visit Load 1-824
2026-08-04 21:51:06,019 INFO o.a.j.t.JMeterThread: Thread started: Add Visit Load 1-825
2026-08-04 21:51:06,068 INFO o.a.j.t.JMeterThread: Thread started: Add Visit Load 1-826
2026-08-04 21:51:06,186 INFO o.a.j.t.JMeterThread: Thread started: Add Visit Load 1-827
2026-08-04 21:51:06,276 INFO o.a.j.t.JMeterThread: Thread started: Add Visit Load 1-828
2026-08-04 21:51:06,357 INFO o.a.j.t.JMeterThread: Thread is done: Add Visit Load 1-398
2026-08-04 21:51:06,358 INFO o.a.j.t.JMeterThread: Thread finished: Add Visit Load 1-398
2026-08-04 21:51:06,387 INFO o.a.j.t.JMeterThread: Thread started: Add Visit Load 1-829
2026-08-04 21:51:06,423 INFO o.a.j.t.JMeterThread: Thread is done: Add Visit Load 1-670
2026-08-04 21:51:06,423 INFO o.a.j.t.JMeterThread: Thread finished: Add Visit Load 1-670
2026-08-04 21:51:06,425 INFO o.a.j.t.JMeterThread: Thread is done: Add Visit Load 1-163
2026-08-04 21:51:06,425 INFO o.a.j.t.JMeterThread: Thread finished: Add Visit Load 1-163
2026-08-04 21:51:06,465 INFO o.a.j.t.JMeterThread: Thread started: Add Visit Load 1-830
2026-08-04 21:51:06,544 INFO o.a.j.t.JMeterThread: Thread started: Add Visit Load 1-831
2026-08-04 21:51:06,561 INFO o.a.j.t.JMeterThread: Thread is done: Add Visit Load 1-678
2026-08-04 21:51:06,561 INFO o.a.j.t.JMeterThread: Thread finished: Add Visit Load 1-678
2026-08-04 21:51:06,565 INFO o.a.j.t.JMeterThread: Thread is done: Add Visit Load 1-639
2026-08-04 21:51:06,565 INFO o.a.j.t.JMeterThread: Thread finished: Add Visit Load 1-639
2026-08-04 21:51:06,592 INFO o.a.j.t.JMeterThread: Thread is done: Add Visit Load 1-605
2026-08-04 21:51:06,592 INFO o.a.j.t.JMeterThread: Thread finished: Add Visit Load 1-605
2026-08-04 21:51:06,614 INFO o.a.j.t.JMeterThread: Thread is done: Add Visit Load 1-606
2026-08-04 21:51:06,614 INFO o.a.j.t.JMeterThread: Thread finished: Add Visit Load 1-606
2026-08-04 21:51:06,615 INFO o.a.j.t.JMeterThread: Thread is done: Add Visit Load 1-536
2026-08-04 21:51:06,615 INFO o.a.j.t.JMeterThread: Thread finished: Add Visit Load 1-536
2026-08-04 21:51:06,621 INFO o.a.j.t.JMeterThread: Thread is done: Add Visit Load 1-788
2026-08-04 21:51:06,621 INFO o.a.j.t.JMeterThread: Thread finished: Add Visit Load 1-788
2026-08-04 21:51:06,633 INFO o.a.j.t.JMeterThread: Thread started: Add Visit Load 1-832
2026-08-04 21:51:06,672 INFO o.a.j.t.JMeterThread: Thread is done: Add Visit Load 1-612
2026-08-04 21:51:06,672 INFO o.a.j.t.JMeterThread: Thread finished: Add Visit Load 1-612
2026-08-04 21:51:06,708 INFO o.a.j.t.JMeterThread: Thread is done: Add Visit Load 1-822
2026-08-04 21:51:06,708 INFO o.a.j.t.JMeterThread: Thread finished: Add Visit Load 1-822
2026-08-04 21:51:06,728 INFO o.a.j.t.JMeterThread: Thread is done: Add Visit Load 1-673
2026-08-04 21:51:06,728 INFO o.a.j.t.JMeterThread: Thread finished: Add Visit Load 1-673
2026-08-04 21:51:06,729 INFO o.a.j.t.JMeterThread: Thread started: Add Visit Load 1-833
2026-08-04 21:51:06,773 INFO o.a.j.t.JMeterThread: Thread is done: Add Visit Load 1-701
2026-08-04 21:51:06,773 INFO o.a.j.t.JMeterThread: Thread finished: Add Visit Load 1-701
2026-08-04 21:51:06,774 INFO o.a.j.t.JMeterThread: Thread is done: Add Visit Load 1-812
2026-08-04 21:51:06,774 INFO o.a.j.t.JMeterThread: Thread finished: Add Visit Load 1-812
2026-08-04 21:51:06,782 INFO o.a.j.t.JMeterThread: Thread started: Add Visit Load 1-834
2026-08-04 21:51:06,819 INFO o.a.j.t.JMeterThread: Thread is done: Add Visit Load 1-811
2026-08-04 21:51:06,819 INFO o.a.j.t.JMeterThread: Thread finished: Add Visit Load 1-811
2026-08-04 21:51:06,852 INFO o.a.j.t.JMeterThread: Thread is done: Add Visit Load 1-448
2026-08-04 21:51:06,853 INFO o.a.j.t.JMeterThread: Thread finished: Add Visit Load 1-448
2026-08-04 21:51:06,854 INFO o.a.j.t.JMeterThread: Thread is done: Add Visit Load 1-722
2026-08-04 21:51:06,854 INFO o.a.j.t.JMeterThread: Thread finished: Add Visit Load 1-722
2026-08-04 21:51:06,900 INFO o.a.j.t.JMeterThread: Thread started: Add Visit Load 1-835
2026-08-04 21:51:06,940 INFO o.a.j.t.JMeterThread: Thread is done: Add Visit Load 1-527
2026-08-04 21:51:06,940 INFO o.a.j.t.JMeterThread: Thread finished: Add Visit Load 1-527
2026-08-04 21:51:06,965 INFO o.a.j.t.JMeterThread: Thread is done: Add Visit Load 1-541
2026-08-04 21:51:06,965 INFO o.a.j.t.JMeterThread: Thread finished: Add Visit Load 1-541
2026-08-04 21:51:06,989 INFO o.a.j.t.JMeterThread: Thread started: Add Visit Load 1-836
2026-08-04 21:51:07,008 INFO o.a.j.t.JMeterThread: Thread is done: Add Visit Load 1-677
2026-08-04 21:51:07,008 INFO o.a.j.t.JMeterThread: Thread finished: Add Visit Load 1-677
2026-08-04 21:51:07,014 INFO o.a.j.t.JMeterThread: Thread is done: Add Visit Load 1-598
2026-08-04 21:51:07,014 INFO o.a.j.t.JMeterThread: Thread finished: Add Visit Load 1-598
2026-08-04 21:51:07,025 INFO o.a.j.t.JMeterThread: Thread is done: Add Visit Load 1-703
2026-08-04 21:51:07,025 INFO o.a.j.t.JMeterThread: Thread finished: Add Visit Load 1-703
2026-08-04 21:51:07,043 INFO o.a.j.t.JMeterThread: Thread is done: Add Visit Load 1-821
2026-08-04 21:51:07,043 INFO o.a.j.t.JMeterThread: Thread finished: Add Visit Load 1-821
2026-08-04 21:51:07,047 INFO o.a.j.t.JMeterThread: Thread started: Add Visit Load 1-837
2026-08-04 21:51:07,066 INFO o.a.j.t.JMeterThread: Thread is done: Add Visit Load 1-623
2026-08-04 21:51:07,066 INFO o.a.j.t.JMeterThread: Thread finished: Add Visit Load 1-623
2026-08-04 21:51:07,071 INFO o.a.j.t.JMeterThread: Thread is done: Add Visit Load 1-787
2026-08-04 21:51:07,071 INFO o.a.j.t.JMeterThread: Thread finished: Add Visit Load 1-787
2026-08-04 21:51:07,175 INFO o.a.j.t.JMeterThread: Thread started: Add Visit Load 1-838
2026-08-04 21:51:07,201 INFO o.a.j.t.JMeterThread: Thread is done: Add Visit Load 1-753
2026-08-04 21:51:07,201 INFO o.a.j.t.JMeterThread: Thread finished: Add Visit Load 1-753
2026-08-04 21:51:07,209 INFO o.a.j.t.JMeterThread: Thread is done: Add Visit Load 1-774
2026-08-04 21:51:07,209 INFO o.a.j.t.JMeterThread: Thread finished: Add Visit Load 1-774
2026-08-04 21:51:07,223 INFO o.a.j.t.JMeterThread: Thread is done: Add Visit Load 1-368
2026-08-04 21:51:07,223 INFO o.a.j.t.JMeterThread: Thread finished: Add Visit Load 1-368
2026-08-04 21:51:07,227 INFO o.a.j.t.JMeterThread: Thread is done: Add Visit Load 1-756
2026-08-04 21:51:07,227 INFO o.a.j.t.JMeterThread: Thread finished: Add Visit Load 1-756
2026-08-04 21:51:07,248 INFO o.a.j.t.JMeterThread: Thread is done: Add Visit Load 1-826
2026-08-04 21:51:07,248 INFO o.a.j.t.JMeterThread: Thread finished: Add Visit Load 1-826
2026-08-04 21:51:07,258 INFO o.a.j.t.JMeterThread: Thread started: Add Visit Load 1-839
2026-08-04 21:51:07,259 INFO o.a.j.t.JMeterThread: Thread is done: Add Visit Load 1-802
2026-08-04 21:51:07,259 INFO o.a.j.t.JMeterThread: Thread finished: Add Visit Load 1-802
2026-08-04 21:51:07,292 INFO o.a.j.t.JMeterThread: Thread is done: Add Visit Load 1-759
2026-08-04 21:51:07,292 INFO o.a.j.t.JMeterThread: Thread finished: Add Visit Load 1-759
2026-08-04 21:51:07,348 INFO o.a.j.t.JMeterThread: Thread started: Add Visit Load 1-840
2026-08-04 21:51:07,441 INFO o.a.j.t.JMeterThread: Thread started: Add Visit Load 1-841
2026-08-04 21:51:07,527 INFO o.a.j.t.JMeterThread: Thread started: Add Visit Load 1-842
2026-08-04 21:51:07,616 INFO o.a.j.t.JMeterThread: Thread started: Add Visit Load 1-843
2026-08-04 21:51:07,706 INFO o.a.j.t.JMeterThread: Thread started: Add Visit Load 1-844
2026-08-04 21:51:07,770 INFO o.a.j.t.JMeterThread: Thread started: Add Visit Load 1-845
2026-08-04 21:51:07,885 INFO o.a.j.t.JMeterThread: Thread started: Add Visit Load 1-846
2026-08-04 21:51:07,973 INFO o.a.j.t.JMeterThread: Thread started: Add Visit Load 1-847
2026-08-04 21:51:08,063 INFO o.a.j.t.JMeterThread: Thread started: Add Visit Load 1-848
2026-08-04 21:51:08,155 INFO o.a.j.t.JMeterThread: Thread started: Add Visit Load 1-849
2026-08-04 21:51:08,244 INFO o.a.j.t.JMeterThread: Thread started: Add Visit Load 1-850
2026-08-04 21:51:08,333 INFO o.a.j.t.JMeterThread: Thread started: Add Visit Load 1-851
2026-08-04 21:51:08,424 INFO o.a.j.t.JMeterThread: Thread started: Add Visit Load 1-852
2026-08-04 21:51:08,512 INFO o.a.j.t.JMeterThread: Thread started: Add Visit Load 1-853
2026-08-04 21:51:08,600 INFO o.a.j.t.JMeterThread: Thread started: Add Visit Load 1-854
2026-08-04 21:51:08,691 INFO o.a.j.t.JMeterThread: Thread started: Add Visit Load 1-855
2026-08-04 21:51:08,786 INFO o.a.j.t.JMeterThread: Thread started: Add Visit Load 1-856
2026-08-04 21:51:08,870 INFO o.a.j.t.JMeterThread: Thread started: Add Visit Load 1-857
2026-08-04 21:51:08,960 INFO o.a.j.t.JMeterThread: Thread started: Add Visit Load 1-858
2026-08-04 21:51:09,048 INFO o.a.j.t.JMeterThread: Thread started: Add Visit Load 1-859
2026-08-04 21:51:09,138 INFO o.a.j.t.JMeterThread: Thread started: Add Visit Load 1-860
2026-08-04 21:51:09,228 INFO o.a.j.t.JMeterThread: Thread started: Add Visit Load 1-861
2026-08-04 21:51:09,317 INFO o.a.j.t.JMeterThread: Thread started: Add Visit Load 1-862
2026-08-04 21:51:09,407 INFO o.a.j.t.JMeterThread: Thread started: Add Visit Load 1-863
2026-08-04 21:51:09,495 INFO o.a.j.t.JMeterThread: Thread started: Add Visit Load 1-864
2026-08-04 21:51:09,585 INFO o.a.j.t.JMeterThread: Thread started: Add Visit Load 1-865
2026-08-04 21:51:09,674 INFO o.a.j.t.JMeterThread: Thread started: Add Visit Load 1-866
2026-08-04 21:51:09,788 INFO o.a.j.t.JMeterThread: Thread started: Add Visit Load 1-867
2026-08-04 21:51:09,853 INFO o.a.j.t.JMeterThread: Thread started: Add Visit Load 1-868
2026-08-04 21:51:09,905 INFO o.a.j.t.JMeterThread: Thread started: Add Visit Load 1-869
2026-08-04 21:51:10,031 INFO o.a.j.t.JMeterThread: Thread started: Add Visit Load 1-870
2026-08-04 21:51:10,121 INFO o.a.j.t.JMeterThread: Thread started: Add Visit Load 1-871
2026-08-04 21:51:10,210 INFO o.a.j.t.JMeterThread: Thread started: Add Visit Load 1-872
2026-08-04 21:51:10,299 INFO o.a.j.t.JMeterThread: Thread started: Add Visit Load 1-873
2026-08-04 21:51:10,389 INFO o.a.j.t.JMeterThread: Thread started: Add Visit Load 1-874
2026-08-04 21:51:10,470 INFO o.a.j.t.JMeterThread: Thread started: Add Visit Load 1-875
2026-08-04 21:51:10,559 INFO o.a.j.t.JMeterThread: Thread started: Add Visit Load 1-876
2026-08-04 21:51:10,635 INFO o.a.j.t.JMeterThread: Thread started: Add Visit Load 1-877
2026-08-04 21:51:10,745 INFO o.a.j.t.JMeterThread: Thread started: Add Visit Load 1-878
2026-08-04 21:51:10,828 INFO o.a.j.t.JMeterThread: Thread started: Add Visit Load 1-879
2026-08-04 21:51:10,918 INFO o.a.j.t.JMeterThread: Thread started: Add Visit Load 1-880
2026-08-04 21:51:11,013 INFO o.a.j.t.JMeterThread: Thread started: Add Visit Load 1-881
2026-08-04 21:51:11,101 INFO o.a.j.t.JMeterThread: Thread started: Add Visit Load 1-882
2026-08-04 21:51:11,187 INFO o.a.j.t.JMeterThread: Thread started: Add Visit Load 1-883
2026-08-04 21:51:11,275 INFO o.a.j.t.JMeterThread: Thread started: Add Visit Load 1-884
2026-08-04 21:51:11,360 INFO o.a.j.t.JMeterThread: Thread started: Add Visit Load 1-885
2026-08-04 21:51:11,450 INFO o.a.j.t.JMeterThread: Thread started: Add Visit Load 1-886
2026-08-04 21:51:11,544 INFO o.a.j.t.JMeterThread: Thread started: Add Visit Load 1-887
2026-08-04 21:51:11,630 INFO o.a.j.t.JMeterThread: Thread started: Add Visit Load 1-888
2026-08-04 21:51:11,702 INFO o.a.j.t.JMeterThread: Thread is done: Add Visit Load 1-665
2026-08-04 21:51:11,702 INFO o.a.j.t.JMeterThread: Thread finished: Add Visit Load 1-665
2026-08-04 21:51:11,719 INFO o.a.j.t.JMeterThread: Thread started: Add Visit Load 1-889
2026-08-04 21:51:11,726 INFO o.a.j.t.JMeterThread: Thread is done: Add Visit Load 1-651
2026-08-04 21:51:11,726 INFO o.a.j.t.JMeterThread: Thread finished: Add Visit Load 1-651
2026-08-04 21:51:11,809 INFO o.a.j.t.JMeterThread: Thread started: Add Visit Load 1-890
2026-08-04 21:51:11,815 INFO o.a.j.t.JMeterThread: Thread is done: Add Visit Load 1-628
2026-08-04 21:51:11,815 INFO o.a.j.t.JMeterThread: Thread finished: Add Visit Load 1-628
2026-08-04 21:51:11,870 INFO o.a.j.t.JMeterThread: Thread is done: Add Visit Load 1-767
2026-08-04 21:51:11,870 INFO o.a.j.t.JMeterThread: Thread finished: Add Visit Load 1-767
2026-08-04 21:51:11,875 INFO o.a.j.t.JMeterThread: Thread is done: Add Visit Load 1-597
2026-08-04 21:51:11,875 INFO o.a.j.t.JMeterThread: Thread finished: Add Visit Load 1-597
2026-08-04 21:51:11,885 INFO o.a.j.t.JMeterThread: Thread is done: Add Visit Load 1-692
2026-08-04 21:51:11,885 INFO o.a.j.t.JMeterThread: Thread finished: Add Visit Load 1-692
2026-08-04 21:51:11,901 INFO o.a.j.t.JMeterThread: Thread started: Add Visit Load 1-891
2026-08-04 21:51:11,953 INFO o.a.j.t.JMeterThread: Thread is done: Add Visit Load 1-411
2026-08-04 21:51:11,953 INFO o.a.j.t.JMeterThread: Thread finished: Add Visit Load 1-411
2026-08-04 21:51:11,959 INFO o.a.j.t.JMeterThread: Thread is done: Add Visit Load 1-697
2026-08-04 21:51:11,959 INFO o.a.j.t.JMeterThread: Thread finished: Add Visit Load 1-697
2026-08-04 21:51:11,962 INFO o.a.j.t.JMeterThread: Thread is done: Add Visit Load 1-554
2026-08-04 21:51:11,962 INFO o.a.j.t.JMeterThread: Thread finished: Add Visit Load 1-554
2026-08-04 21:51:11,963 INFO o.a.j.t.JMeterThread: Thread is done: Add Visit Load 1-824
2026-08-04 21:51:11,963 INFO o.a.j.t.JMeterThread: Thread finished: Add Visit Load 1-824
2026-08-04 21:51:11,988 INFO o.a.j.t.JMeterThread: Thread started: Add Visit Load 1-892
2026-08-04 21:51:12,077 INFO o.a.j.t.JMeterThread: Thread started: Add Visit Load 1-893
2026-08-04 21:51:12,167 INFO o.a.j.t.JMeterThread: Thread started: Add Visit Load 1-894
2026-08-04 21:51:12,183 INFO o.a.j.t.JMeterThread: Thread is done: Add Visit Load 1-874
2026-08-04 21:51:12,183 INFO o.a.j.t.JMeterThread: Thread finished: Add Visit Load 1-874
2026-08-04 21:51:12,218 INFO o.a.j.t.JMeterThread: Thread is done: Add Visit Load 1-569
2026-08-04 21:51:12,218 INFO o.a.j.t.JMeterThread: Thread finished: Add Visit Load 1-569
2026-08-04 21:51:12,258 INFO o.a.j.t.JMeterThread: Thread started: Add Visit Load 1-895
2026-08-04 21:51:12,292 INFO o.a.j.t.JMeterThread: Thread is done: Add Visit Load 1-420
2026-08-04 21:51:12,292 INFO o.a.j.t.JMeterThread: Thread finished: Add Visit Load 1-420
2026-08-04 21:51:12,293 INFO o.a.j.t.JMeterThread: Thread is done: Add Visit Load 1-206
2026-08-04 21:51:12,293 INFO o.a.j.t.JMeterThread: Thread finished: Add Visit Load 1-206
2026-08-04 21:51:12,310 INFO o.a.j.t.JMeterThread: Thread is done: Add Visit Load 1-754
2026-08-04 21:51:12,310 INFO o.a.j.t.JMeterThread: Thread finished: Add Visit Load 1-754
2026-08-04 21:51:12,347 INFO o.a.j.t.JMeterThread: Thread started: Add Visit Load 1-896
2026-08-04 21:51:12,358 INFO o.a.j.t.JMeterThread: Thread is done: Add Visit Load 1-743
2026-08-04 21:51:12,358 INFO o.a.j.t.JMeterThread: Thread finished: Add Visit Load 1-743
2026-08-04 21:51:12,376 INFO o.a.j.t.JMeterThread: Thread is done: Add Visit Load 1-760
2026-08-04 21:51:12,376 INFO o.a.j.t.JMeterThread: Thread finished: Add Visit Load 1-760
2026-08-04 21:51:12,378 INFO o.a.j.t.JMeterThread: Thread is done: Add Visit Load 1-596
2026-08-04 21:51:12,378 INFO o.a.j.t.JMeterThread: Thread finished: Add Visit Load 1-596
2026-08-04 21:51:12,386 INFO o.a.j.t.JMeterThread: Thread is done: Add Visit Load 1-212
2026-08-04 21:51:12,386 INFO o.a.j.t.JMeterThread: Thread finished: Add Visit Load 1-212
2026-08-04 21:51:12,436 INFO o.a.j.t.JMeterThread: Thread started: Add Visit Load 1-897
2026-08-04 21:51:12,466 INFO o.a.j.t.JMeterThread: Thread is done: Add Visit Load 1-270
2026-08-04 21:51:12,466 INFO o.a.j.t.JMeterThread: Thread finished: Add Visit Load 1-270
2026-08-04 21:51:12,526 INFO o.a.j.t.JMeterThread: Thread started: Add Visit Load 1-898
2026-08-04 21:51:12,528 INFO o.a.j.t.JMeterThread: Thread is done: Add Visit Load 1-809
2026-08-04 21:51:12,529 INFO o.a.j.t.JMeterThread: Thread finished: Add Visit Load 1-809
2026-08-04 21:51:12,549 INFO o.a.j.t.JMeterThread: Thread is done: Add Visit Load 1-770
2026-08-04 21:51:12,549 INFO o.a.j.t.JMeterThread: Thread finished: Add Visit Load 1-770
2026-08-04 21:51:12,559 INFO o.a.j.t.JMeterThread: Thread is done: Add Visit Load 1-382
2026-08-04 21:51:12,559 INFO o.a.j.t.JMeterThread: Thread finished: Add Visit Load 1-382
2026-08-04 21:51:12,581 INFO o.a.j.t.JMeterThread: Thread is done: Add Visit Load 1-470
2026-08-04 21:51:12,581 INFO o.a.j.t.JMeterThread: Thread finished: Add Visit Load 1-470
2026-08-04 21:51:12,616 INFO o.a.j.t.JMeterThread: Thread is done: Add Visit Load 1-406
2026-08-04 21:51:12,616 INFO o.a.j.t.JMeterThread: Thread finished: Add Visit Load 1-406
2026-08-04 21:51:12,617 INFO o.a.j.t.JMeterThread: Thread started: Add Visit Load 1-899
2026-08-04 21:51:12,653 INFO o.a.j.t.JMeterThread: Thread is done: Add Visit Load 1-599
2026-08-04 21:51:12,653 INFO o.a.j.t.JMeterThread: Thread finished: Add Visit Load 1-599
2026-08-04 21:51:12,678 INFO o.a.j.t.JMeterThread: Thread is done: Add Visit Load 1-768
2026-08-04 21:51:12,678 INFO o.a.j.t.JMeterThread: Thread finished: Add Visit Load 1-768
2026-08-04 21:51:12,688 INFO o.a.j.t.JMeterThread: Thread is done: Add Visit Load 1-227
2026-08-04 21:51:12,688 INFO o.a.j.t.JMeterThread: Thread finished: Add Visit Load 1-227
2026-08-04 21:51:12,707 INFO o.a.j.t.JMeterThread: Thread started: Add Visit Load 1-900
2026-08-04 21:51:12,718 INFO o.a.j.t.JMeterThread: Thread is done: Add Visit Load 1-761
2026-08-04 21:51:12,718 INFO o.a.j.t.JMeterThread: Thread finished: Add Visit Load 1-761
2026-08-04 21:51:12,741 INFO o.a.j.t.JMeterThread: Thread is done: Add Visit Load 1-424
2026-08-04 21:51:12,741 INFO o.a.j.t.JMeterThread: Thread finished: Add Visit Load 1-424
2026-08-04 21:51:12,748 INFO o.a.j.t.JMeterThread: Thread is done: Add Visit Load 1-583
2026-08-04 21:51:12,748 INFO o.a.j.t.JMeterThread: Thread finished: Add Visit Load 1-583
2026-08-04 21:51:12,767 INFO o.a.j.t.JMeterThread: Thread is done: Add Visit Load 1-777
2026-08-04 21:51:12,767 INFO o.a.j.t.JMeterThread: Thread finished: Add Visit Load 1-777
2026-08-04 21:51:12,793 INFO o.a.j.t.JMeterThread: Thread started: Add Visit Load 1-901
2026-08-04 21:51:12,797 INFO o.a.j.t.JMeterThread: Thread is done: Add Visit Load 1-457
2026-08-04 21:51:12,797 INFO o.a.j.t.JMeterThread: Thread finished: Add Visit Load 1-457
2026-08-04 21:51:12,805 INFO o.a.j.t.JMeterThread: Thread is done: Add Visit Load 1-600
2026-08-04 21:51:12,806 INFO o.a.j.t.JMeterThread: Thread finished: Add Visit Load 1-600
2026-08-04 21:51:12,807 INFO o.a.j.t.JMeterThread: Thread is done: Add Visit Load 1-449
2026-08-04 21:51:12,807 INFO o.a.j.t.JMeterThread: Thread finished: Add Visit Load 1-449
2026-08-04 21:51:12,821 INFO o.a.j.t.JMeterThread: Thread is done: Add Visit Load 1-800
2026-08-04 21:51:12,821 INFO o.a.j.t.JMeterThread: Thread finished: Add Visit Load 1-800
2026-08-04 21:51:12,827 INFO o.a.j.t.JMeterThread: Thread is done: Add Visit Load 1-604
2026-08-04 21:51:12,827 INFO o.a.j.t.JMeterThread: Thread finished: Add Visit Load 1-604
2026-08-04 21:51:12,833 INFO o.a.j.t.JMeterThread: Thread is done: Add Visit Load 1-467
2026-08-04 21:51:12,833 INFO o.a.j.t.JMeterThread: Thread finished: Add Visit Load 1-467
2026-08-04 21:51:12,839 INFO o.a.j.t.JMeterThread: Thread is done: Add Visit Load 1-875
2026-08-04 21:51:12,839 INFO o.a.j.t.JMeterThread: Thread finished: Add Visit Load 1-875
2026-08-04 21:51:12,864 INFO o.a.j.t.JMeterThread: Thread is done: Add Visit Load 1-727
2026-08-04 21:51:12,864 INFO o.a.j.t.JMeterThread: Thread finished: Add Visit Load 1-727
2026-08-04 21:51:12,882 INFO o.a.j.t.JMeterThread: Thread started: Add Visit Load 1-902
2026-08-04 21:51:12,894 INFO o.a.j.t.JMeterThread: Thread is done: Add Visit Load 1-813
2026-08-04 21:51:12,894 INFO o.a.j.t.JMeterThread: Thread finished: Add Visit Load 1-813
2026-08-04 21:51:12,974 INFO o.a.j.t.JMeterThread: Thread started: Add Visit Load 1-903
2026-08-04 21:51:13,022 INFO o.a.j.t.JMeterThread: Thread is done: Add Visit Load 1-836
2026-08-04 21:51:13,022 INFO o.a.j.t.JMeterThread: Thread finished: Add Visit Load 1-836
2026-08-04 21:51:13,040 INFO o.a.j.t.JMeterThread: Thread is done: Add Visit Load 1-732
2026-08-04 21:51:13,040 INFO o.a.j.t.JMeterThread: Thread finished: Add Visit Load 1-732
2026-08-04 21:51:13,057 INFO o.a.j.t.JMeterThread: Thread is done: Add Visit Load 1-730
2026-08-04 21:51:13,057 INFO o.a.j.t.JMeterThread: Thread finished: Add Visit Load 1-730
2026-08-04 21:51:13,058 INFO o.a.j.t.JMeterThread: Thread is done: Add Visit Load 1-886
2026-08-04 21:51:13,058 INFO o.a.j.t.JMeterThread: Thread finished: Add Visit Load 1-886
2026-08-04 21:51:13,063 INFO o.a.j.t.JMeterThread: Thread is done: Add Visit Load 1-818
2026-08-04 21:51:13,063 INFO o.a.j.t.JMeterThread: Thread finished: Add Visit Load 1-818
2026-08-04 21:51:13,064 INFO o.a.j.t.JMeterThread: Thread started: Add Visit Load 1-904
2026-08-04 21:51:13,097 INFO o.a.j.t.JMeterThread: Thread is done: Add Visit Load 1-795
2026-08-04 21:51:13,097 INFO o.a.j.t.JMeterThread: Thread finished: Add Visit Load 1-795
2026-08-04 21:51:13,113 INFO o.a.j.t.JMeterThread: Thread is done: Add Visit Load 1-814
2026-08-04 21:51:13,114 INFO o.a.j.t.JMeterThread: Thread finished: Add Visit Load 1-814
2026-08-04 21:51:13,123 INFO o.a.j.t.JMeterThread: Thread is done: Add Visit Load 1-538
2026-08-04 21:51:13,123 INFO o.a.j.t.JMeterThread: Thread finished: Add Visit Load 1-538
2026-08-04 21:51:13,151 INFO o.a.j.t.JMeterThread: Thread started: Add Visit Load 1-905
2026-08-04 21:51:13,224 INFO o.a.j.t.JMeterThread: Thread is done: Add Visit Load 1-796
2026-08-04 21:51:13,224 INFO o.a.j.t.JMeterThread: Thread finished: Add Visit Load 1-796
2026-08-04 21:51:13,241 INFO o.a.j.t.JMeterThread: Thread started: Add Visit Load 1-906
2026-08-04 21:51:13,262 INFO o.a.j.t.JMeterThread: Thread is done: Add Visit Load 1-549
2026-08-04 21:51:13,262 INFO o.a.j.t.JMeterThread: Thread finished: Add Visit Load 1-549
2026-08-04 21:51:13,290 INFO o.a.j.t.JMeterThread: Thread is done: Add Visit Load 1-667
2026-08-04 21:51:13,290 INFO o.a.j.t.JMeterThread: Thread finished: Add Visit Load 1-667
2026-08-04 21:51:13,332 INFO o.a.j.t.JMeterThread: Thread started: Add Visit Load 1-907
2026-08-04 21:51:13,421 INFO o.a.j.t.JMeterThread: Thread started: Add Visit Load 1-908
2026-08-04 21:51:13,509 INFO o.a.j.t.JMeterThread: Thread started: Add Visit Load 1-909
2026-08-04 21:51:13,600 INFO o.a.j.t.JMeterThread: Thread started: Add Visit Load 1-910
2026-08-04 21:51:13,686 INFO o.a.j.t.JMeterThread: Thread started: Add Visit Load 1-911
2026-08-04 21:51:13,761 INFO o.a.j.t.JMeterThread: Thread started: Add Visit Load 1-912
2026-08-04 21:51:13,850 INFO o.a.j.t.JMeterThread: Thread started: Add Visit Load 1-913
2026-08-04 21:51:13,881 INFO o.a.j.t.JMeterThread: Thread started: Add Visit Load 1-914
2026-08-04 21:51:14,004 INFO o.a.j.t.JMeterThread: Thread started: Add Visit Load 1-915
2026-08-04 21:51:14,022 INFO o.a.j.t.JMeterThread: Thread started: Add Visit Load 1-916
2026-08-04 21:51:14,183 INFO o.a.j.t.JMeterThread: Thread started: Add Visit Load 1-917
2026-08-04 21:51:14,270 INFO o.a.j.t.JMeterThread: Thread started: Add Visit Load 1-918
2026-08-04 21:51:14,314 INFO o.a.j.t.JMeterThread: Thread is done: Add Visit Load 1-434
2026-08-04 21:51:14,314 INFO o.a.j.t.JMeterThread: Thread finished: Add Visit Load 1-434
2026-08-04 21:51:14,324 INFO o.a.j.t.JMeterThread: Thread is done: Add Visit Load 1-555
2026-08-04 21:51:14,324 INFO o.a.j.t.JMeterThread: Thread finished: Add Visit Load 1-555
2026-08-04 21:51:14,338 INFO o.a.j.t.JMeterThread: Thread is done: Add Visit Load 1-746
2026-08-04 21:51:14,338 INFO o.a.j.t.JMeterThread: Thread finished: Add Visit Load 1-746
2026-08-04 21:51:14,351 INFO o.a.j.t.JMeterThread: Thread is done: Add Visit Load 1-314
2026-08-04 21:51:14,351 INFO o.a.j.t.JMeterThread: Thread finished: Add Visit Load 1-314
2026-08-04 21:51:14,353 INFO o.a.j.t.JMeterThread: Thread started: Add Visit Load 1-919
2026-08-04 21:51:14,368 INFO o.a.j.t.JMeterThread: Thread is done: Add Visit Load 1-593
2026-08-04 21:51:14,368 INFO o.a.j.t.JMeterThread: Thread finished: Add Visit Load 1-593
2026-08-04 21:51:14,371 INFO o.a.j.t.JMeterThread: Thread is done: Add Visit Load 1-852
2026-08-04 21:51:14,371 INFO o.a.j.t.JMeterThread: Thread finished: Add Visit Load 1-852
2026-08-04 21:51:14,403 INFO o.a.j.t.JMeterThread: Thread started: Add Visit Load 1-920
2026-08-04 21:51:14,539 INFO o.a.j.t.JMeterThread: Thread started: Add Visit Load 1-921
2026-08-04 21:51:14,628 INFO o.a.j.t.JMeterThread: Thread started: Add Visit Load 1-922
2026-08-04 21:51:14,649 INFO o.a.j.t.JMeterThread: Thread started: Add Visit Load 1-923
2026-08-04 21:51:14,751 INFO o.a.j.t.JMeterThread: Thread started: Add Visit Load 1-924
2026-08-04 21:51:14,829 INFO o.a.j.t.JMeterThread: Thread started: Add Visit Load 1-925
2026-08-04 21:51:14,989 INFO o.a.j.t.JMeterThread: Thread started: Add Visit Load 1-926
2026-08-04 21:51:15,030 INFO o.a.j.t.JMeterThread: Thread started: Add Visit Load 1-927
2026-08-04 21:51:15,098 INFO o.a.j.t.JMeterThread: Thread started: Add Visit Load 1-928
2026-08-04 21:51:15,257 INFO o.a.j.t.JMeterThread: Thread started: Add Visit Load 1-929
2026-08-04 21:51:15,292 INFO o.a.j.t.JMeterThread: Thread is done: Add Visit Load 1-737
2026-08-04 21:51:15,293 INFO o.a.j.t.JMeterThread: Thread finished: Add Visit Load 1-737
2026-08-04 21:51:15,299 INFO o.a.j.t.JMeterThread: Thread is done: Add Visit Load 1-887
2026-08-04 21:51:15,299 INFO o.a.j.t.JMeterThread: Thread finished: Add Visit Load 1-887
2026-08-04 21:51:15,301 INFO o.a.j.t.JMeterThread: Thread is done: Add Visit Load 1-735
2026-08-04 21:51:15,301 INFO o.a.j.t.JMeterThread: Thread finished: Add Visit Load 1-735
2026-08-04 21:51:15,310 INFO o.a.j.t.JMeterThread: Thread is done: Add Visit Load 1-775
2026-08-04 21:51:15,310 INFO o.a.j.t.JMeterThread: Thread finished: Add Visit Load 1-775
2026-08-04 21:51:15,315 INFO o.a.j.t.JMeterThread: Thread is done: Add Visit Load 1-797
2026-08-04 21:51:15,315 INFO o.a.j.t.JMeterThread: Thread finished: Add Visit Load 1-797
2026-08-04 21:51:15,341 INFO o.a.j.t.JMeterThread: Thread started: Add Visit Load 1-930
2026-08-04 21:51:15,368 INFO o.a.j.t.JMeterThread: Thread started: Add Visit Load 1-931
2026-08-04 21:51:15,383 INFO o.a.j.t.JMeterThread: Thread is done: Add Visit Load 1-446
2026-08-04 21:51:15,383 INFO o.a.j.t.JMeterThread: Thread finished: Add Visit Load 1-446
2026-08-04 21:51:15,433 INFO o.a.j.t.JMeterThread: Thread is done: Add Visit Load 1-21
2026-08-04 21:51:15,433 INFO o.a.j.t.JMeterThread: Thread finished: Add Visit Load 1-21
2026-08-04 21:51:15,526 INFO o.a.j.t.JMeterThread: Thread started: Add Visit Load 1-932
2026-08-04 21:51:15,548 INFO o.a.j.t.JMeterThread: Thread started: Add Visit Load 1-933
2026-08-04 21:51:15,637 INFO o.a.j.t.JMeterThread: Thread started: Add Visit Load 1-934
2026-08-04 21:51:15,736 INFO o.a.j.t.JMeterThread: Thread started: Add Visit Load 1-935
2026-08-04 21:51:15,831 INFO o.a.j.t.JMeterThread: Thread started: Add Visit Load 1-936
2026-08-04 21:51:15,906 INFO o.a.j.t.JMeterThread: Thread started: Add Visit Load 1-937
2026-08-04 21:51:16,058 INFO o.a.j.t.JMeterThread: Thread started: Add Visit Load 1-938
2026-08-04 21:51:16,063 INFO o.a.j.t.JMeterThread: Thread is done: Add Visit Load 1-336
2026-08-04 21:51:16,063 INFO o.a.j.t.JMeterThread: Thread finished: Add Visit Load 1-336
2026-08-04 21:51:16,107 INFO o.a.j.t.JMeterThread: Thread started: Add Visit Load 1-939
2026-08-04 21:51:16,196 INFO o.a.j.t.JMeterThread: Thread started: Add Visit Load 1-940
2026-08-04 21:51:16,327 INFO o.a.j.t.JMeterThread: Thread started: Add Visit Load 1-941
2026-08-04 21:51:16,417 INFO o.a.j.t.JMeterThread: Thread started: Add Visit Load 1-942
2026-08-04 21:51:16,460 INFO o.a.j.t.JMeterThread: Thread started: Add Visit Load 1-943
2026-08-04 21:51:16,559 INFO o.a.j.t.JMeterThread: Thread started: Add Visit Load 1-944
2026-08-04 21:51:16,636 INFO o.a.j.t.JMeterThread: Thread started: Add Visit Load 1-945
2026-08-04 21:51:16,707 INFO o.a.j.t.JMeterThread: Thread is done: Add Visit Load 1-655
2026-08-04 21:51:16,707 INFO o.a.j.t.JMeterThread: Thread finished: Add Visit Load 1-655
2026-08-04 21:51:16,726 INFO o.a.j.t.JMeterThread: Thread started: Add Visit Load 1-946
2026-08-04 21:51:16,826 INFO o.a.j.t.JMeterThread: Thread started: Add Visit Load 1-947
2026-08-04 21:51:16,918 INFO o.a.j.t.JMeterThread: Thread started: Add Visit Load 1-948
2026-08-04 21:51:16,983 INFO o.a.j.t.JMeterThread: Thread started: Add Visit Load 1-949
2026-08-04 21:51:17,084 INFO o.a.j.t.JMeterThread: Thread started: Add Visit Load 1-950
2026-08-04 21:51:17,179 INFO o.a.j.t.JMeterThread: Thread started: Add Visit Load 1-951
2026-08-04 21:51:17,267 INFO o.a.j.t.JMeterThread: Thread started: Add Visit Load 1-952
2026-08-04 21:51:17,349 INFO o.a.j.t.JMeterThread: Thread started: Add Visit Load 1-953
2026-08-04 21:51:17,444 INFO o.a.j.t.JMeterThread: Thread started: Add Visit Load 1-954
2026-08-04 21:51:17,538 INFO o.a.j.t.JMeterThread: Thread started: Add Visit Load 1-955
2026-08-04 21:51:17,629 INFO o.a.j.t.JMeterThread: Thread started: Add Visit Load 1-956
2026-08-04 21:51:17,714 INFO o.a.j.t.JMeterThread: Thread started: Add Visit Load 1-957
2026-08-04 21:51:17,804 INFO o.a.j.t.JMeterThread: Thread started: Add Visit Load 1-958
2026-08-04 21:51:17,899 INFO o.a.j.t.JMeterThread: Thread started: Add Visit Load 1-959
2026-08-04 21:51:17,989 INFO o.a.j.t.JMeterThread: Thread started: Add Visit Load 1-960
2026-08-04 21:51:18,072 INFO o.a.j.t.JMeterThread: Thread started: Add Visit Load 1-961
2026-08-04 21:51:18,163 INFO o.a.j.t.JMeterThread: Thread started: Add Visit Load 1-962
2026-08-04 21:51:18,258 INFO o.a.j.t.JMeterThread: Thread started: Add Visit Load 1-963
2026-08-04 21:51:18,347 INFO o.a.j.t.JMeterThread: Thread started: Add Visit Load 1-964
2026-08-04 21:51:18,432 INFO o.a.j.t.JMeterThread: Thread started: Add Visit Load 1-965
2026-08-04 21:51:18,489 INFO o.a.j.t.JMeterThread: Thread is done: Add Visit Load 1-877
2026-08-04 21:51:18,489 INFO o.a.j.t.JMeterThread: Thread finished: Add Visit Load 1-877
2026-08-04 21:51:18,522 INFO o.a.j.t.JMeterThread: Thread started: Add Visit Load 1-966
2026-08-04 21:51:18,618 INFO o.a.j.t.JMeterThread: Thread started: Add Visit Load 1-967
2026-08-04 21:51:18,707 INFO o.a.j.t.JMeterThread: Thread started: Add Visit Load 1-968
2026-08-04 21:51:18,707 INFO o.a.j.t.JMeterThread: Thread is done: Add Visit Load 1-845
2026-08-04 21:51:18,707 INFO o.a.j.t.JMeterThread: Thread finished: Add Visit Load 1-845
2026-08-04 21:51:18,765 INFO o.a.j.t.JMeterThread: Thread is done: Add Visit Load 1-780
2026-08-04 21:51:18,766 INFO o.a.j.t.JMeterThread: Thread finished: Add Visit Load 1-780
2026-08-04 21:51:18,791 INFO o.a.j.t.JMeterThread: Thread started: Add Visit Load 1-969
2026-08-04 21:51:18,807 INFO o.a.j.t.JMeterThread: Thread is done: Add Visit Load 1-867
2026-08-04 21:51:18,807 INFO o.a.j.t.JMeterThread: Thread finished: Add Visit Load 1-867
2026-08-04 21:51:18,814 INFO o.a.j.t.JMeterThread: Thread is done: Add Visit Load 1-864
2026-08-04 21:51:18,814 INFO o.a.j.t.JMeterThread: Thread finished: Add Visit Load 1-864
2026-08-04 21:51:18,819 INFO o.a.j.t.JMeterThread: Thread is done: Add Visit Load 1-854
2026-08-04 21:51:18,819 INFO o.a.j.t.JMeterThread: Thread finished: Add Visit Load 1-854
2026-08-04 21:51:18,872 INFO o.a.j.t.JMeterThread: Thread is done: Add Visit Load 1-690
2026-08-04 21:51:18,872 INFO o.a.j.t.JMeterThread: Thread finished: Add Visit Load 1-690
2026-08-04 21:51:18,880 INFO o.a.j.t.JMeterThread: Thread started: Add Visit Load 1-970
2026-08-04 21:51:18,896 INFO o.a.j.t.JMeterThread: Thread is done: Add Visit Load 1-876
2026-08-04 21:51:18,896 INFO o.a.j.t.JMeterThread: Thread finished: Add Visit Load 1-876
2026-08-04 21:51:18,935 INFO o.a.j.t.JMeterThread: Thread is done: Add Visit Load 1-798
2026-08-04 21:51:18,935 INFO o.a.j.t.JMeterThread: Thread finished: Add Visit Load 1-798
2026-08-04 21:51:18,952 INFO o.a.j.t.JMeterThread: Thread is done: Add Visit Load 1-726
2026-08-04 21:51:18,952 INFO o.a.j.t.JMeterThread: Thread finished: Add Visit Load 1-726
2026-08-04 21:51:18,977 INFO o.a.j.t.JMeterThread: Thread started: Add Visit Load 1-971
2026-08-04 21:51:19,037 INFO o.a.j.t.JMeterThread: Thread is done: Add Visit Load 1-862
2026-08-04 21:51:19,037 INFO o.a.j.t.JMeterThread: Thread finished: Add Visit Load 1-862
2026-08-04 21:51:19,045 INFO o.a.j.t.JMeterThread: Thread is done: Add Visit Load 1-525
2026-08-04 21:51:19,045 INFO o.a.j.t.JMeterThread: Thread finished: Add Visit Load 1-525
2026-08-04 21:51:19,064 INFO o.a.j.t.JMeterThread: Thread is done: Add Visit Load 1-733
2026-08-04 21:51:19,064 INFO o.a.j.t.JMeterThread: Thread finished: Add Visit Load 1-733
2026-08-04 21:51:19,067 INFO o.a.j.t.JMeterThread: Thread started: Add Visit Load 1-972
2026-08-04 21:51:19,082 INFO o.a.j.t.JMeterThread: Thread is done: Add Visit Load 1-510
2026-08-04 21:51:19,082 INFO o.a.j.t.JMeterThread: Thread finished: Add Visit Load 1-510
2026-08-04 21:51:19,090 INFO o.a.j.t.JMeterThread: Thread is done: Add Visit Load 1-503
2026-08-04 21:51:19,090 INFO o.a.j.t.JMeterThread: Thread finished: Add Visit Load 1-503
2026-08-04 21:51:19,101 INFO o.a.j.t.JMeterThread: Thread is done: Add Visit Load 1-511
2026-08-04 21:51:19,101 INFO o.a.j.t.JMeterThread: Thread finished: Add Visit Load 1-511
2026-08-04 21:51:19,114 INFO o.a.j.t.JMeterThread: Thread is done: Add Visit Load 1-521
2026-08-04 21:51:19,115 INFO o.a.j.t.JMeterThread: Thread finished: Add Visit Load 1-521
2026-08-04 21:51:19,157 INFO o.a.j.t.JMeterThread: Thread started: Add Visit Load 1-973
2026-08-04 21:51:19,161 INFO o.a.j.t.JMeterThread: Thread is done: Add Visit Load 1-781
2026-08-04 21:51:19,161 INFO o.a.j.t.JMeterThread: Thread finished: Add Visit Load 1-781
2026-08-04 21:51:19,174 INFO o.a.j.t.JMeterThread: Thread is done: Add Visit Load 1-522
2026-08-04 21:51:19,174 INFO o.a.j.t.JMeterThread: Thread finished: Add Visit Load 1-522
2026-08-04 21:51:19,246 INFO o.a.j.t.JMeterThread: Thread started: Add Visit Load 1-974
2026-08-04 21:51:19,272 INFO o.a.j.t.JMeterThread: Thread is done: Add Visit Load 1-839
2026-08-04 21:51:19,272 INFO o.a.j.t.JMeterThread: Thread finished: Add Visit Load 1-839
2026-08-04 21:51:19,285 INFO o.a.j.t.JMeterThread: Thread is done: Add Visit Load 1-837
2026-08-04 21:51:19,285 INFO o.a.j.t.JMeterThread: Thread finished: Add Visit Load 1-837
2026-08-04 21:51:19,285 INFO o.a.j.t.JMeterThread: Thread is done: Add Visit Load 1-879
2026-08-04 21:51:19,285 INFO o.a.j.t.JMeterThread: Thread finished: Add Visit Load 1-879
2026-08-04 21:51:19,304 INFO o.a.j.t.JMeterThread: Thread is done: Add Visit Load 1-844
2026-08-04 21:51:19,304 INFO o.a.j.t.JMeterThread: Thread finished: Add Visit Load 1-844
2026-08-04 21:51:19,339 INFO o.a.j.t.JMeterThread: Thread started: Add Visit Load 1-975
2026-08-04 21:51:19,407 INFO o.a.j.t.JMeterThread: Thread is done: Add Visit Load 1-712
2026-08-04 21:51:19,407 INFO o.a.j.t.JMeterThread: Thread finished: Add Visit Load 1-712
2026-08-04 21:51:19,428 INFO o.a.j.t.JMeterThread: Thread started: Add Visit Load 1-976
2026-08-04 21:51:19,477 INFO o.a.j.t.JMeterThread: Thread is done: Add Visit Load 1-776
2026-08-04 21:51:19,477 INFO o.a.j.t.JMeterThread: Thread finished: Add Visit Load 1-776
2026-08-04 21:51:19,502 INFO o.a.j.t.JMeterThread: Thread started: Add Visit Load 1-977
2026-08-04 21:51:19,587 INFO o.a.j.t.JMeterThread: Thread is done: Add Visit Load 1-873
2026-08-04 21:51:19,587 INFO o.a.j.t.JMeterThread: Thread finished: Add Visit Load 1-873
2026-08-04 21:51:19,593 INFO o.a.j.t.JMeterThread: Thread started: Add Visit Load 1-978
2026-08-04 21:51:19,622 INFO o.a.j.t.JMeterThread: Thread is done: Add Visit Load 1-478
2026-08-04 21:51:19,622 INFO o.a.j.t.JMeterThread: Thread finished: Add Visit Load 1-478
2026-08-04 21:51:19,633 INFO o.a.j.t.JMeterThread: Thread is done: Add Visit Load 1-965
2026-08-04 21:51:19,633 INFO o.a.j.t.JMeterThread: Thread finished: Add Visit Load 1-965
2026-08-04 21:51:19,638 INFO o.a.j.t.JMeterThread: Thread is done: Add Visit Load 1-349
2026-08-04 21:51:19,638 INFO o.a.j.t.JMeterThread: Thread finished: Add Visit Load 1-349
2026-08-04 21:51:19,706 INFO o.a.j.t.JMeterThread: Thread started: Add Visit Load 1-979
2026-08-04 21:51:19,720 INFO o.a.j.t.JMeterThread: Thread is done: Add Visit Load 1-956
2026-08-04 21:51:19,720 INFO o.a.j.t.JMeterThread: Thread finished: Add Visit Load 1-956
2026-08-04 21:51:19,795 INFO o.a.j.t.JMeterThread: Thread started: Add Visit Load 1-980
2026-08-04 21:51:19,823 INFO o.a.j.t.JMeterThread: Thread is done: Add Visit Load 1-899
2026-08-04 21:51:19,823 INFO o.a.j.t.JMeterThread: Thread finished: Add Visit Load 1-899
2026-08-04 21:51:19,865 INFO o.a.j.t.JMeterThread: Thread is done: Add Visit Load 1-931
2026-08-04 21:51:19,865 INFO o.a.j.t.JMeterThread: Thread finished: Add Visit Load 1-931
2026-08-04 21:51:19,874 INFO o.a.j.t.JMeterThread: Thread started: Add Visit Load 1-981
2026-08-04 21:51:19,885 INFO o.a.j.t.JMeterThread: Thread is done: Add Visit Load 1-900
2026-08-04 21:51:19,885 INFO o.a.j.t.JMeterThread: Thread finished: Add Visit Load 1-900
2026-08-04 21:51:19,887 INFO o.a.j.t.JMeterThread: Thread is done: Add Visit Load 1-964
2026-08-04 21:51:19,887 INFO o.a.j.t.JMeterThread: Thread finished: Add Visit Load 1-964
2026-08-04 21:51:19,938 INFO o.a.j.t.JMeterThread: Thread is done: Add Visit Load 1-861
2026-08-04 21:51:19,938 INFO o.a.j.t.JMeterThread: Thread finished: Add Visit Load 1-861
2026-08-04 21:51:19,951 INFO o.a.j.t.JMeterThread: Thread is done: Add Visit Load 1-338
2026-08-04 21:51:19,951 INFO o.a.j.t.JMeterThread: Thread finished: Add Visit Load 1-338
2026-08-04 21:51:19,958 INFO o.a.j.t.JMeterThread: Thread is done: Add Visit Load 1-904
2026-08-04 21:51:19,958 INFO o.a.j.t.JMeterThread: Thread finished: Add Visit Load 1-904
2026-08-04 21:51:19,963 INFO o.a.j.t.JMeterThread: Thread started: Add Visit Load 1-982
2026-08-04 21:51:19,968 INFO o.a.j.t.JMeterThread: Thread is done: Add Visit Load 1-945
2026-08-04 21:51:19,968 INFO o.a.j.t.JMeterThread: Thread finished: Add Visit Load 1-945
2026-08-04 21:51:20,009 INFO o.a.j.t.JMeterThread: Thread is done: Add Visit Load 1-953
2026-08-04 21:51:20,009 INFO o.a.j.t.JMeterThread: Thread finished: Add Visit Load 1-953
2026-08-04 21:51:20,012 INFO o.a.j.t.JMeterThread: Thread is done: Add Visit Load 1-959
2026-08-04 21:51:20,012 INFO o.a.j.t.JMeterThread: Thread finished: Add Visit Load 1-959
2026-08-04 21:51:20,026 INFO o.a.j.t.JMeterThread: Thread is done: Add Visit Load 1-715
2026-08-04 21:51:20,026 INFO o.a.j.t.JMeterThread: Thread finished: Add Visit Load 1-715
2026-08-04 21:51:20,035 INFO o.a.j.t.JMeterThread: Thread is done: Add Visit Load 1-841
2026-08-04 21:51:20,036 INFO o.a.j.t.JMeterThread: Thread finished: Add Visit Load 1-841
2026-08-04 21:51:20,040 INFO o.a.j.t.JMeterThread: Thread is done: Add Visit Load 1-725
2026-08-04 21:51:20,040 INFO o.a.j.t.JMeterThread: Thread finished: Add Visit Load 1-725
2026-08-04 21:51:20,044 INFO o.a.j.t.JMeterThread: Thread is done: Add Visit Load 1-483
2026-08-04 21:51:20,044 INFO o.a.j.t.JMeterThread: Thread finished: Add Visit Load 1-483
2026-08-04 21:51:20,064 INFO o.a.j.t.JMeterThread: Thread started: Add Visit Load 1-983
2026-08-04 21:51:20,154 INFO o.a.j.t.JMeterThread: Thread is done: Add Visit Load 1-632
2026-08-04 21:51:20,154 INFO o.a.j.t.JMeterThread: Thread finished: Add Visit Load 1-632
2026-08-04 21:51:20,155 INFO o.a.j.t.JMeterThread: Thread started: Add Visit Load 1-984
2026-08-04 21:51:20,163 INFO o.a.j.t.JMeterThread: Thread is done: Add Visit Load 1-933
2026-08-04 21:51:20,163 INFO o.a.j.t.JMeterThread: Thread finished: Add Visit Load 1-933
2026-08-04 21:51:20,167 INFO o.a.j.t.JMeterThread: Thread is done: Add Visit Load 1-830
2026-08-04 21:51:20,167 INFO o.a.j.t.JMeterThread: Thread finished: Add Visit Load 1-830
2026-08-04 21:51:20,208 INFO o.a.j.t.JMeterThread: Thread is done: Add Visit Load 1-301
2026-08-04 21:51:20,209 INFO o.a.j.t.JMeterThread: Thread finished: Add Visit Load 1-301
2026-08-04 21:51:20,222 INFO o.a.j.t.JMeterThread: Thread started: Add Visit Load 1-985
2026-08-04 21:51:20,232 INFO o.a.j.t.JMeterThread: Thread is done: Add Visit Load 1-381
2026-08-04 21:51:20,232 INFO o.a.j.t.JMeterThread: Thread finished: Add Visit Load 1-381
2026-08-04 21:51:20,307 INFO o.a.j.t.JMeterThread: Thread is done: Add Visit Load 1-934
2026-08-04 21:51:20,307 INFO o.a.j.t.JMeterThread: Thread finished: Add Visit Load 1-934
2026-08-04 21:51:20,321 INFO o.a.j.t.JMeterThread: Thread started: Add Visit Load 1-986
2026-08-04 21:51:20,338 INFO o.a.j.t.JMeterThread: Thread is done: Add Visit Load 1-855
2026-08-04 21:51:20,338 INFO o.a.j.t.JMeterThread: Thread finished: Add Visit Load 1-855
2026-08-04 21:51:20,343 INFO o.a.j.t.JMeterThread: Thread is done: Add Visit Load 1-708
2026-08-04 21:51:20,343 INFO o.a.j.t.JMeterThread: Thread finished: Add Visit Load 1-708
2026-08-04 21:51:20,352 INFO o.a.j.t.JMeterThread: Thread is done: Add Visit Load 1-889
2026-08-04 21:51:20,352 INFO o.a.j.t.JMeterThread: Thread finished: Add Visit Load 1-889
2026-08-04 21:51:20,424 INFO o.a.j.t.JMeterThread: Thread started: Add Visit Load 1-987
2026-08-04 21:51:20,484 INFO o.a.j.t.JMeterThread: Thread is done: Add Visit Load 1-637
2026-08-04 21:51:20,484 INFO o.a.j.t.JMeterThread: Thread finished: Add Visit Load 1-637
2026-08-04 21:51:20,515 INFO o.a.j.t.JMeterThread: Thread started: Add Visit Load 1-988
2026-08-04 21:51:20,569 INFO o.a.j.t.JMeterThread: Thread is done: Add Visit Load 1-903
2026-08-04 21:51:20,569 INFO o.a.j.t.JMeterThread: Thread finished: Add Visit Load 1-903
2026-08-04 21:51:20,593 INFO o.a.j.t.JMeterThread: Thread started: Add Visit Load 1-989
2026-08-04 21:51:20,644 INFO o.a.j.t.JMeterThread: Thread is done: Add Visit Load 1-968
2026-08-04 21:51:20,644 INFO o.a.j.t.JMeterThread: Thread finished: Add Visit Load 1-968
2026-08-04 21:51:20,662 INFO o.a.j.t.JMeterThread: Thread is done: Add Visit Load 1-423
2026-08-04 21:51:20,662 INFO o.a.j.t.JMeterThread: Thread finished: Add Visit Load 1-423
2026-08-04 21:51:20,682 INFO o.a.j.t.JMeterThread: Thread started: Add Visit Load 1-990
2026-08-04 21:51:20,691 INFO o.a.j.t.JMeterThread: Thread is done: Add Visit Load 1-790
2026-08-04 21:51:20,691 INFO o.a.j.t.JMeterThread: Thread finished: Add Visit Load 1-790
2026-08-04 21:51:20,692 INFO o.a.j.t.JMeterThread: Thread is done: Add Visit Load 1-687
2026-08-04 21:51:20,692 INFO o.a.j.t.JMeterThread: Thread finished: Add Visit Load 1-687
2026-08-04 21:51:20,693 INFO o.a.j.t.JMeterThread: Thread is done: Add Visit Load 1-192
2026-08-04 21:51:20,693 INFO o.a.j.t.JMeterThread: Thread finished: Add Visit Load 1-192
2026-08-04 21:51:20,700 INFO o.a.j.t.JMeterThread: Thread is done: Add Visit Load 1-829
2026-08-04 21:51:20,700 INFO o.a.j.t.JMeterThread: Thread finished: Add Visit Load 1-829
2026-08-04 21:51:20,716 INFO o.a.j.t.JMeterThread: Thread is done: Add Visit Load 1-729
2026-08-04 21:51:20,716 INFO o.a.j.t.JMeterThread: Thread finished: Add Visit Load 1-729
2026-08-04 21:51:20,726 INFO o.a.j.t.JMeterThread: Thread is done: Add Visit Load 1-810
2026-08-04 21:51:20,726 INFO o.a.j.t.JMeterThread: Thread finished: Add Visit Load 1-810
2026-08-04 21:51:20,747 INFO o.a.j.t.JMeterThread: Thread is done: Add Visit Load 1-758
2026-08-04 21:51:20,747 INFO o.a.j.t.JMeterThread: Thread finished: Add Visit Load 1-758
2026-08-04 21:51:20,770 INFO o.a.j.t.JMeterThread: Thread is done: Add Visit Load 1-960
2026-08-04 21:51:20,770 INFO o.a.j.t.JMeterThread: Thread is done: Add Visit Load 1-435
2026-08-04 21:51:20,770 INFO o.a.j.t.JMeterThread: Thread finished: Add Visit Load 1-435
2026-08-04 21:51:20,770 INFO o.a.j.t.JMeterThread: Thread finished: Add Visit Load 1-960
2026-08-04 21:51:20,783 INFO o.a.j.t.JMeterThread: Thread started: Add Visit Load 1-991
2026-08-04 21:51:20,836 INFO o.a.j.t.JMeterThread: Thread is done: Add Visit Load 1-937
2026-08-04 21:51:20,836 INFO o.a.j.t.JMeterThread: Thread finished: Add Visit Load 1-937
2026-08-04 21:51:20,874 INFO o.a.j.t.JMeterThread: Thread started: Add Visit Load 1-992
2026-08-04 21:51:20,875 INFO o.a.j.t.JMeterThread: Thread is done: Add Visit Load 1-610
2026-08-04 21:51:20,875 INFO o.a.j.t.JMeterThread: Thread is done: Add Visit Load 1-464
2026-08-04 21:51:20,875 INFO o.a.j.t.JMeterThread: Thread finished: Add Visit Load 1-610
2026-08-04 21:51:20,875 INFO o.a.j.t.JMeterThread: Thread finished: Add Visit Load 1-464
2026-08-04 21:51:20,933 INFO o.a.j.t.JMeterThread: Thread is done: Add Visit Load 1-750
2026-08-04 21:51:20,933 INFO o.a.j.t.JMeterThread: Thread finished: Add Visit Load 1-750
2026-08-04 21:51:20,934 INFO o.a.j.t.JMeterThread: Thread is done: Add Visit Load 1-947
2026-08-04 21:51:20,934 INFO o.a.j.t.JMeterThread: Thread finished: Add Visit Load 1-947
2026-08-04 21:51:20,941 INFO o.a.j.t.JMeterThread: Thread started: Add Visit Load 1-993
2026-08-04 21:51:20,945 INFO o.a.j.t.JMeterThread: Thread is done: Add Visit Load 1-627
2026-08-04 21:51:20,945 INFO o.a.j.t.JMeterThread: Thread finished: Add Visit Load 1-627
2026-08-04 21:51:20,969 INFO o.a.j.t.JMeterThread: Thread is done: Add Visit Load 1-304
2026-08-04 21:51:20,969 INFO o.a.j.t.JMeterThread: Thread finished: Add Visit Load 1-304
2026-08-04 21:51:20,985 INFO o.a.j.t.JMeterThread: Thread is done: Add Visit Load 1-930
2026-08-04 21:51:20,985 INFO o.a.j.t.JMeterThread: Thread finished: Add Visit Load 1-930
2026-08-04 21:51:20,986 INFO o.a.j.t.JMeterThread: Thread is done: Add Visit Load 1-935
2026-08-04 21:51:20,986 INFO o.a.j.t.JMeterThread: Thread finished: Add Visit Load 1-935
2026-08-04 21:51:20,994 INFO o.a.j.t.JMeterThread: Thread is done: Add Visit Load 1-763
2026-08-04 21:51:20,994 INFO o.a.j.t.JMeterThread: Thread finished: Add Visit Load 1-763
2026-08-04 21:51:20,996 INFO o.a.j.t.JMeterThread: Thread is done: Add Visit Load 1-738
2026-08-04 21:51:20,996 INFO o.a.j.t.JMeterThread: Thread finished: Add Visit Load 1-738
2026-08-04 21:51:21,010 INFO o.a.j.t.JMeterThread: Thread is done: Add Visit Load 1-859
2026-08-04 21:51:21,010 INFO o.a.j.t.JMeterThread: Thread finished: Add Visit Load 1-859
2026-08-04 21:51:21,021 INFO o.a.j.t.JMeterThread: Thread is done: Add Visit Load 1-865
2026-08-04 21:51:21,021 INFO o.a.j.t.JMeterThread: Thread finished: Add Visit Load 1-865
2026-08-04 21:51:21,031 INFO o.a.j.t.JMeterThread: Thread started: Add Visit Load 1-994
2026-08-04 21:51:21,042 INFO o.a.j.t.JMeterThread: Thread is done: Add Visit Load 1-469
2026-08-04 21:51:21,042 INFO o.a.j.t.JMeterThread: Thread finished: Add Visit Load 1-469
2026-08-04 21:51:21,088 INFO o.a.j.t.JMeterThread: Thread is done: Add Visit Load 1-890
2026-08-04 21:51:21,088 INFO o.a.j.t.JMeterThread: Thread finished: Add Visit Load 1-890
2026-08-04 21:51:21,102 INFO o.a.j.t.JMeterThread: Thread is done: Add Visit Load 1-739
2026-08-04 21:51:21,102 INFO o.a.j.t.JMeterThread: Thread finished: Add Visit Load 1-739
2026-08-04 21:51:21,112 INFO o.a.j.t.JMeterThread: Thread is done: Add Visit Load 1-765
2026-08-04 21:51:21,112 INFO o.a.j.t.JMeterThread: Thread finished: Add Visit Load 1-765
2026-08-04 21:51:21,143 INFO o.a.j.t.JMeterThread: Thread started: Add Visit Load 1-995
2026-08-04 21:51:21,144 INFO o.a.j.t.JMeterThread: Thread is done: Add Visit Load 1-940
2026-08-04 21:51:21,144 INFO o.a.j.t.JMeterThread: Thread finished: Add Visit Load 1-940
2026-08-04 21:51:21,154 INFO o.a.j.t.JMeterThread: Thread is done: Add Visit Load 1-894
2026-08-04 21:51:21,154 INFO o.a.j.t.JMeterThread: Thread finished: Add Visit Load 1-894
2026-08-04 21:51:21,155 INFO o.a.j.t.JMeterThread: Thread is done: Add Visit Load 1-936
2026-08-04 21:51:21,155 INFO o.a.j.t.JMeterThread: Thread finished: Add Visit Load 1-936
2026-08-04 21:51:21,168 INFO o.a.j.t.JMeterThread: Thread is done: Add Visit Load 1-932
2026-08-04 21:51:21,168 INFO o.a.j.t.JMeterThread: Thread finished: Add Visit Load 1-932
2026-08-04 21:51:21,173 INFO o.a.j.t.JMeterThread: Thread is done: Add Visit Load 1-421
2026-08-04 21:51:21,173 INFO o.a.j.t.JMeterThread: Thread finished: Add Visit Load 1-421
2026-08-04 21:51:21,215 INFO o.a.j.t.JMeterThread: Thread is done: Add Visit Load 1-806
2026-08-04 21:51:21,215 INFO o.a.j.t.JMeterThread: Thread finished: Add Visit Load 1-806
2026-08-04 21:51:21,233 INFO o.a.j.t.JMeterThread: Thread started: Add Visit Load 1-996
2026-08-04 21:51:21,271 INFO o.a.j.t.JMeterThread: Thread is done: Add Visit Load 1-946
2026-08-04 21:51:21,272 INFO o.a.j.t.JMeterThread: Thread finished: Add Visit Load 1-946
2026-08-04 21:51:21,301 INFO o.a.j.t.JMeterThread: Thread started: Add Visit Load 1-997
2026-08-04 21:51:21,304 INFO o.a.j.t.JMeterThread: Thread is done: Add Visit Load 1-588
2026-08-04 21:51:21,305 INFO o.a.j.t.JMeterThread: Thread finished: Add Visit Load 1-588
2026-08-04 21:51:21,323 INFO o.a.j.t.JMeterThread: Thread is done: Add Visit Load 1-954
2026-08-04 21:51:21,323 INFO o.a.j.t.JMeterThread: Thread finished: Add Visit Load 1-954
2026-08-04 21:51:21,349 INFO o.a.j.t.JMeterThread: Thread is done: Add Visit Load 1-880
2026-08-04 21:51:21,349 INFO o.a.j.t.JMeterThread: Thread finished: Add Visit Load 1-880
2026-08-04 21:51:21,353 INFO o.a.j.t.JMeterThread: Thread is done: Add Visit Load 1-955
2026-08-04 21:51:21,353 INFO o.a.j.t.JMeterThread: Thread finished: Add Visit Load 1-955
2026-08-04 21:51:21,392 INFO o.a.j.t.JMeterThread: Thread started: Add Visit Load 1-998
2026-08-04 21:51:21,418 INFO o.a.j.t.JMeterThread: Thread is done: Add Visit Load 1-755
2026-08-04 21:51:21,419 INFO o.a.j.t.JMeterThread: Thread finished: Add Visit Load 1-755
2026-08-04 21:51:21,459 INFO o.a.j.t.JMeterThread: Thread is done: Add Visit Load 1-560
2026-08-04 21:51:21,459 INFO o.a.j.t.JMeterThread: Thread finished: Add Visit Load 1-560
2026-08-04 21:51:21,503 INFO o.a.j.t.JMeterThread: Thread started: Add Visit Load 1-999
2026-08-04 21:51:21,503 INFO o.a.j.t.JMeterThread: Thread is done: Add Visit Load 1-975
2026-08-04 21:51:21,503 INFO o.a.j.t.JMeterThread: Thread finished: Add Visit Load 1-975
2026-08-04 21:51:21,509 INFO o.a.j.t.JMeterThread: Thread is done: Add Visit Load 1-619
2026-08-04 21:51:21,509 INFO o.a.j.t.JMeterThread: Thread finished: Add Visit Load 1-619
2026-08-04 21:51:21,551 INFO o.a.j.t.JMeterThread: Thread is done: Add Visit Load 1-512
2026-08-04 21:51:21,551 INFO o.a.j.t.JMeterThread: Thread finished: Add Visit Load 1-512
2026-08-04 21:51:21,566 INFO o.a.j.t.JMeterThread: Thread is done: Add Visit Load 1-979
2026-08-04 21:51:21,566 INFO o.a.j.t.JMeterThread: Thread finished: Add Visit Load 1-979
2026-08-04 21:51:21,582 INFO o.a.j.t.JMeterThread: Thread is done: Add Visit Load 1-807
2026-08-04 21:51:21,582 INFO o.a.j.t.JMeterThread: Thread finished: Add Visit Load 1-807
2026-08-04 21:51:21,582 INFO o.a.j.t.JMeterThread: Thread is done: Add Visit Load 1-778
2026-08-04 21:51:21,582 INFO o.a.j.t.JMeterThread: Thread finished: Add Visit Load 1-778
2026-08-04 21:51:21,591 INFO o.a.j.t.JMeterThread: Thread started: Add Visit Load 1-1000
2026-08-04 21:51:21,642 INFO o.a.j.t.JMeterThread: Thread is done: Add Visit Load 1-913
2026-08-04 21:51:21,642 INFO o.a.j.t.JMeterThread: Thread finished: Add Visit Load 1-913
2026-08-04 21:51:21,646 INFO o.a.j.t.JMeterThread: Thread is done: Add Visit Load 1-846
2026-08-04 21:51:21,646 INFO o.a.j.t.JMeterThread: Thread finished: Add Visit Load 1-846
2026-08-04 21:51:21,692 INFO o.a.j.t.JMeterThread: Thread is done: Add Visit Load 1-976
2026-08-04 21:51:21,692 INFO o.a.j.t.JMeterThread: Thread finished: Add Visit Load 1-976
2026-08-04 21:51:21,702 INFO o.a.j.t.JMeterThread: Thread is done: Add Visit Load 1-972
2026-08-04 21:51:21,702 INFO o.a.j.t.JMeterThread: Thread finished: Add Visit Load 1-972
2026-08-04 21:51:21,711 INFO o.a.j.t.JMeterThread: Thread is done: Add Visit Load 1-757
2026-08-04 21:51:21,711 INFO o.a.j.t.JMeterThread: Thread finished: Add Visit Load 1-757
2026-08-04 21:51:21,714 INFO o.a.j.t.JMeterThread: Thread is done: Add Visit Load 1-654
2026-08-04 21:51:21,714 INFO o.a.j.t.JMeterThread: Thread finished: Add Visit Load 1-654
2026-08-04 21:51:21,719 INFO o.a.j.t.JMeterThread: Thread is done: Add Visit Load 1-863
2026-08-04 21:51:21,719 INFO o.a.j.t.JMeterThread: Thread finished: Add Visit Load 1-863
2026-08-04 21:51:21,774 INFO o.a.j.t.JMeterThread: Thread is done: Add Visit Load 1-957
2026-08-04 21:51:21,774 INFO o.a.j.t.JMeterThread: Thread finished: Add Visit Load 1-957
2026-08-04 21:51:21,830 INFO o.a.j.t.JMeterThread: Thread is done: Add Visit Load 1-869
2026-08-04 21:51:21,830 INFO o.a.j.t.JMeterThread: Thread finished: Add Visit Load 1-869
2026-08-04 21:51:21,831 INFO o.a.j.t.JMeterThread: Thread is done: Add Visit Load 1-847
2026-08-04 21:51:21,831 INFO o.a.j.t.JMeterThread: Thread finished: Add Visit Load 1-847
2026-08-04 21:51:21,835 INFO o.a.j.t.JMeterThread: Thread is done: Add Visit Load 1-963
2026-08-04 21:51:21,835 INFO o.a.j.t.JMeterThread: Thread finished: Add Visit Load 1-963
2026-08-04 21:51:21,869 INFO o.a.j.t.JMeterThread: Thread is done: Add Visit Load 1-943
2026-08-04 21:51:21,869 INFO o.a.j.t.JMeterThread: Thread finished: Add Visit Load 1-943
2026-08-04 21:51:21,885 INFO o.a.j.t.JMeterThread: Thread is done: Add Visit Load 1-892
2026-08-04 21:51:21,885 INFO o.a.j.t.JMeterThread: Thread finished: Add Visit Load 1-892
2026-08-04 21:51:21,898 INFO o.a.j.t.JMeterThread: Thread is done: Add Visit Load 1-901
2026-08-04 21:51:21,898 INFO o.a.j.t.JMeterThread: Thread finished: Add Visit Load 1-901
2026-08-04 21:51:21,966 INFO o.a.j.t.JMeterThread: Thread is done: Add Visit Load 1-603
2026-08-04 21:51:21,966 INFO o.a.j.t.JMeterThread: Thread finished: Add Visit Load 1-603
2026-08-04 21:51:21,993 INFO o.a.j.t.JMeterThread: Thread is done: Add Visit Load 1-716
2026-08-04 21:51:21,993 INFO o.a.j.t.JMeterThread: Thread finished: Add Visit Load 1-716
2026-08-04 21:51:22,006 INFO o.a.j.t.JMeterThread: Thread is done: Add Visit Load 1-944
2026-08-04 21:51:22,006 INFO o.a.j.t.JMeterThread: Thread finished: Add Visit Load 1-944
2026-08-04 21:51:22,009 INFO o.a.j.t.JMeterThread: Thread is done: Add Visit Load 1-920
2026-08-04 21:51:22,009 INFO o.a.j.t.JMeterThread: Thread finished: Add Visit Load 1-920
2026-08-04 21:51:22,020 INFO o.a.j.t.JMeterThread: Thread is done: Add Visit Load 1-888
2026-08-04 21:51:22,020 INFO o.a.j.t.JMeterThread: Thread finished: Add Visit Load 1-888
2026-08-04 21:51:22,024 INFO o.a.j.t.JMeterThread: Thread is done: Add Visit Load 1-661
2026-08-04 21:51:22,024 INFO o.a.j.t.JMeterThread: Thread finished: Add Visit Load 1-661
2026-08-04 21:51:22,042 INFO o.a.j.t.JMeterThread: Thread is done: Add Visit Load 1-885
2026-08-04 21:51:22,042 INFO o.a.j.t.JMeterThread: Thread finished: Add Visit Load 1-885
2026-08-04 21:51:22,052 INFO o.a.j.t.JMeterThread: Thread is done: Add Visit Load 1-741
2026-08-04 21:51:22,052 INFO o.a.j.t.JMeterThread: Thread finished: Add Visit Load 1-741
2026-08-04 21:51:22,067 INFO o.a.j.t.JMeterThread: Thread is done: Add Visit Load 1-951
2026-08-04 21:51:22,067 INFO o.a.j.t.JMeterThread: Thread finished: Add Visit Load 1-951
2026-08-04 21:51:22,082 INFO o.a.j.t.JMeterThread: Thread is done: Add Visit Load 1-851
2026-08-04 21:51:22,082 INFO o.a.j.t.JMeterThread: Thread finished: Add Visit Load 1-851
2026-08-04 21:51:22,118 INFO o.a.j.t.JMeterThread: Thread is done: Add Visit Load 1-922
2026-08-04 21:51:22,118 INFO o.a.j.t.JMeterThread: Thread finished: Add Visit Load 1-922
2026-08-04 21:51:22,125 INFO o.a.j.t.JMeterThread: Thread is done: Add Visit Load 1-988
2026-08-04 21:51:22,125 INFO o.a.j.t.JMeterThread: Thread finished: Add Visit Load 1-988
2026-08-04 21:51:22,184 INFO o.a.j.t.JMeterThread: Thread is done: Add Visit Load 1-989
2026-08-04 21:51:22,184 INFO o.a.j.t.JMeterThread: Thread finished: Add Visit Load 1-989
2026-08-04 21:51:22,249 INFO o.a.j.t.JMeterThread: Thread is done: Add Visit Load 1-926
2026-08-04 21:51:22,249 INFO o.a.j.t.JMeterThread: Thread finished: Add Visit Load 1-926
2026-08-04 21:51:22,261 INFO o.a.j.t.JMeterThread: Thread is done: Add Visit Load 1-658
2026-08-04 21:51:22,261 INFO o.a.j.t.JMeterThread: Thread finished: Add Visit Load 1-658
2026-08-04 21:51:22,281 INFO o.a.j.t.JMeterThread: Thread is done: Add Visit Load 1-539
2026-08-04 21:51:22,281 INFO o.a.j.t.JMeterThread: Thread finished: Add Visit Load 1-539
2026-08-04 21:51:22,370 INFO o.a.j.t.JMeterThread: Thread is done: Add Visit Load 1-561
2026-08-04 21:51:22,370 INFO o.a.j.t.JMeterThread: Thread finished: Add Visit Load 1-561
2026-08-04 21:51:23,315 INFO o.a.j.t.JMeterThread: Thread is done: Add Visit Load 1-804
2026-08-04 21:51:23,315 INFO o.a.j.t.JMeterThread: Thread finished: Add Visit Load 1-804
2026-08-04 21:51:23,321 INFO o.a.j.t.JMeterThread: Thread is done: Add Visit Load 1-970
2026-08-04 21:51:23,321 INFO o.a.j.t.JMeterThread: Thread finished: Add Visit Load 1-970
2026-08-04 21:51:23,333 INFO o.a.j.t.JMeterThread: Thread is done: Add Visit Load 1-985
2026-08-04 21:51:23,333 INFO o.a.j.t.JMeterThread: Thread finished: Add Visit Load 1-985
2026-08-04 21:51:23,340 INFO o.a.j.t.JMeterThread: Thread is done: Add Visit Load 1-898
2026-08-04 21:51:23,340 INFO o.a.j.t.JMeterThread: Thread finished: Add Visit Load 1-898
2026-08-04 21:51:23,349 INFO o.a.j.t.JMeterThread: Thread is done: Add Visit Load 1-921
2026-08-04 21:51:23,349 INFO o.a.j.t.JMeterThread: Thread finished: Add Visit Load 1-921
2026-08-04 21:51:23,353 INFO o.a.j.t.JMeterThread: Thread is done: Add Visit Load 1-980
2026-08-04 21:51:23,354 INFO o.a.j.t.JMeterThread: Thread finished: Add Visit Load 1-980
2026-08-04 21:51:23,389 INFO o.a.j.t.JMeterThread: Thread is done: Add Visit Load 1-718
2026-08-04 21:51:23,389 INFO o.a.j.t.JMeterThread: Thread finished: Add Visit Load 1-718
2026-08-04 21:51:23,391 INFO o.a.j.t.JMeterThread: Thread is done: Add Visit Load 1-705
2026-08-04 21:51:23,391 INFO o.a.j.t.JMeterThread: Thread finished: Add Visit Load 1-705
2026-08-04 21:51:24,320 INFO o.a.j.t.JMeterThread: Thread is done: Add Visit Load 1-773
2026-08-04 21:51:24,320 INFO o.a.j.t.JMeterThread: Thread finished: Add Visit Load 1-773
2026-08-04 21:51:24,341 INFO o.a.j.t.JMeterThread: Thread is done: Add Visit Load 1-891
2026-08-04 21:51:24,341 INFO o.a.j.t.JMeterThread: Thread finished: Add Visit Load 1-891
2026-08-04 21:51:24,342 INFO o.a.j.t.JMeterThread: Thread is done: Add Visit Load 1-928
2026-08-04 21:51:24,342 INFO o.a.j.t.JMeterThread: Thread finished: Add Visit Load 1-928
2026-08-04 21:51:24,347 INFO o.a.j.t.JMeterThread: Thread is done: Add Visit Load 1-303
2026-08-04 21:51:24,347 INFO o.a.j.t.JMeterThread: Thread finished: Add Visit Load 1-303
2026-08-04 21:51:24,374 INFO o.a.j.t.JMeterThread: Thread is done: Add Visit Load 1-762
2026-08-04 21:51:24,374 INFO o.a.j.t.JMeterThread: Thread finished: Add Visit Load 1-762
2026-08-04 21:51:24,389 INFO o.a.j.t.JMeterThread: Thread is done: Add Visit Load 1-996
2026-08-04 21:51:24,389 INFO o.a.j.t.JMeterThread: Thread finished: Add Visit Load 1-996
2026-08-04 21:51:24,389 INFO o.a.j.t.JMeterThread: Thread is done: Add Visit Load 1-923
2026-08-04 21:51:24,389 INFO o.a.j.t.JMeterThread: Thread finished: Add Visit Load 1-923
2026-08-04 21:51:24,389 INFO o.a.j.t.JMeterThread: Thread is done: Add Visit Load 1-983
2026-08-04 21:51:24,389 INFO o.a.j.t.JMeterThread: Thread finished: Add Visit Load 1-983
2026-08-04 21:51:24,393 INFO o.a.j.t.JMeterThread: Thread is done: Add Visit Load 1-919
2026-08-04 21:51:24,393 INFO o.a.j.t.JMeterThread: Thread finished: Add Visit Load 1-919
2026-08-04 21:51:27,765 INFO o.a.j.t.JMeterThread: Thread is done: Add Visit Load 1-868
2026-08-04 21:51:27,765 INFO o.a.j.t.JMeterThread: Thread finished: Add Visit Load 1-868
2026-08-04 21:51:27,841 INFO o.a.j.t.JMeterThread: Thread is done: Add Visit Load 1-857
2026-08-04 21:51:27,842 INFO o.a.j.t.JMeterThread: Thread finished: Add Visit Load 1-857
2026-08-04 21:51:27,858 INFO o.a.j.t.JMeterThread: Thread is done: Add Visit Load 1-748
2026-08-04 21:51:27,858 INFO o.a.j.t.JMeterThread: Thread finished: Add Visit Load 1-748
2026-08-04 21:51:27,862 INFO o.a.j.t.JMeterThread: Thread is done: Add Visit Load 1-967
2026-08-04 21:51:27,862 INFO o.a.j.t.JMeterThread: Thread finished: Add Visit Load 1-967
2026-08-04 21:51:27,869 INFO o.a.j.t.JMeterThread: Thread is done: Add Visit Load 1-993
2026-08-04 21:51:27,869 INFO o.a.j.t.JMeterThread: Thread finished: Add Visit Load 1-993
2026-08-04 21:51:27,919 INFO o.a.j.t.JMeterThread: Thread is done: Add Visit Load 1-982
2026-08-04 21:51:27,919 INFO o.a.j.t.JMeterThread: Thread finished: Add Visit Load 1-982
2026-08-04 21:51:27,926 INFO o.a.j.t.JMeterThread: Thread is done: Add Visit Load 1-925
2026-08-04 21:51:27,926 INFO o.a.j.t.JMeterThread: Thread finished: Add Visit Load 1-925
2026-08-04 21:51:27,931 INFO o.a.j.t.JMeterThread: Thread is done: Add Visit Load 1-786
2026-08-04 21:51:27,931 INFO o.a.j.t.JMeterThread: Thread finished: Add Visit Load 1-786
2026-08-04 21:51:27,942 INFO o.a.j.t.JMeterThread: Thread is done: Add Visit Load 1-907
2026-08-04 21:51:27,942 INFO o.a.j.t.JMeterThread: Thread finished: Add Visit Load 1-907
2026-08-04 21:51:27,976 INFO o.a.j.t.JMeterThread: Thread is done: Add Visit Load 1-672
2026-08-04 21:51:27,976 INFO o.a.j.t.JMeterThread: Thread finished: Add Visit Load 1-672
2026-08-04 21:51:28,091 INFO o.a.j.t.JMeterThread: Thread is done: Add Visit Load 1-544
2026-08-04 21:51:28,091 INFO o.a.j.t.JMeterThread: Thread finished: Add Visit Load 1-544
2026-08-04 21:51:28,107 INFO o.a.j.t.JMeterThread: Thread is done: Add Visit Load 1-181
2026-08-04 21:51:28,107 INFO o.a.j.t.JMeterThread: Thread finished: Add Visit Load 1-181
2026-08-04 21:51:28,187 INFO o.a.j.t.JMeterThread: Thread is done: Add Visit Load 1-782
2026-08-04 21:51:28,187 INFO o.a.j.t.JMeterThread: Thread finished: Add Visit Load 1-782
2026-08-04 21:51:28,192 INFO o.a.j.t.JMeterThread: Thread is done: Add Visit Load 1-783
2026-08-04 21:51:28,192 INFO o.a.j.t.JMeterThread: Thread finished: Add Visit Load 1-783
2026-08-04 21:51:28,203 INFO o.a.j.t.JMeterThread: Thread is done: Add Visit Load 1-950
2026-08-04 21:51:28,204 INFO o.a.j.t.JMeterThread: Thread finished: Add Visit Load 1-950
2026-08-04 21:51:28,237 INFO o.a.j.t.JMeterThread: Thread is done: Add Visit Load 1-803
2026-08-04 21:51:28,237 INFO o.a.j.t.JMeterThread: Thread finished: Add Visit Load 1-803
2026-08-04 21:51:28,299 INFO o.a.j.t.JMeterThread: Thread is done: Add Visit Load 1-615
2026-08-04 21:51:28,299 INFO o.a.j.t.JMeterThread: Thread finished: Add Visit Load 1-615
2026-08-04 21:51:28,349 INFO o.a.j.t.JMeterThread: Thread is done: Add Visit Load 1-990
2026-08-04 21:51:28,349 INFO o.a.j.t.JMeterThread: Thread finished: Add Visit Load 1-990
2026-08-04 21:51:28,481 INFO o.a.j.t.JMeterThread: Thread is done: Add Visit Load 1-772
2026-08-04 21:51:28,481 INFO o.a.j.t.JMeterThread: Thread finished: Add Visit Load 1-772
2026-08-04 21:51:28,507 INFO o.a.j.t.JMeterThread: Thread is done: Add Visit Load 1-625
2026-08-04 21:51:28,507 INFO o.a.j.t.JMeterThread: Thread finished: Add Visit Load 1-625
2026-08-04 21:51:28,585 INFO o.a.j.t.JMeterThread: Thread is done: Add Visit Load 1-176
2026-08-04 21:51:28,585 INFO o.a.j.t.JMeterThread: Thread finished: Add Visit Load 1-176
2026-08-04 21:51:28,587 INFO o.a.j.t.JMeterThread: Thread is done: Add Visit Load 1-752
2026-08-04 21:51:28,587 INFO o.a.j.t.JMeterThread: Thread finished: Add Visit Load 1-752
2026-08-04 21:51:28,605 INFO o.a.j.t.JMeterThread: Thread is done: Add Visit Load 1-991
2026-08-04 21:51:28,605 INFO o.a.j.t.JMeterThread: Thread finished: Add Visit Load 1-991
2026-08-04 21:51:28,640 INFO o.a.j.t.JMeterThread: Thread is done: Add Visit Load 1-942
2026-08-04 21:51:28,640 INFO o.a.j.t.JMeterThread: Thread finished: Add Visit Load 1-942
2026-08-04 21:51:28,651 INFO o.a.j.t.JMeterThread: Thread is done: Add Visit Load 1-858
2026-08-04 21:51:28,651 INFO o.a.j.t.JMeterThread: Thread finished: Add Visit Load 1-858
2026-08-04 21:51:28,781 INFO o.a.j.t.JMeterThread: Thread is done: Add Visit Load 1-558
2026-08-04 21:51:28,782 INFO o.a.j.t.JMeterThread: Thread finished: Add Visit Load 1-558
2026-08-04 21:51:28,823 INFO o.a.j.t.JMeterThread: Thread is done: Add Visit Load 1-187
2026-08-04 21:51:28,823 INFO o.a.j.t.JMeterThread: Thread finished: Add Visit Load 1-187
2026-08-04 21:51:28,826 INFO o.a.j.t.JMeterThread: Thread is done: Add Visit Load 1-167
2026-08-04 21:51:28,826 INFO o.a.j.t.JMeterThread: Thread finished: Add Visit Load 1-167
2026-08-04 21:51:28,832 INFO o.a.j.t.JMeterThread: Thread is done: Add Visit Load 1-884
2026-08-04 21:51:28,832 INFO o.a.j.t.JMeterThread: Thread finished: Add Visit Load 1-884
2026-08-04 21:51:28,863 INFO o.a.j.t.JMeterThread: Thread is done: Add Visit Load 1-749
2026-08-04 21:51:28,863 INFO o.a.j.t.JMeterThread: Thread finished: Add Visit Load 1-749
2026-08-04 21:51:28,951 INFO o.a.j.t.JMeterThread: Thread is done: Add Visit Load 1-995
2026-08-04 21:51:28,951 INFO o.a.j.t.JMeterThread: Thread finished: Add Visit Load 1-995
2026-08-04 21:51:28,994 INFO o.a.j.t.JMeterThread: Thread is done: Add Visit Load 1-927
2026-08-04 21:51:28,994 INFO o.a.j.t.JMeterThread: Thread finished: Add Visit Load 1-927
2026-08-04 21:51:28,999 INFO o.a.j.t.JMeterThread: Thread is done: Add Visit Load 1-764
2026-08-04 21:51:28,999 INFO o.a.j.t.JMeterThread: Thread finished: Add Visit Load 1-764
2026-08-04 21:51:29,001 INFO o.a.j.t.JMeterThread: Thread is done: Add Visit Load 1-987
2026-08-04 21:51:29,001 INFO o.a.j.t.JMeterThread: Thread is done: Add Visit Load 1-481
2026-08-04 21:51:29,001 INFO o.a.j.t.JMeterThread: Thread finished: Add Visit Load 1-987
2026-08-04 21:51:29,001 INFO o.a.j.t.JMeterThread: Thread finished: Add Visit Load 1-481
2026-08-04 21:51:29,005 INFO o.a.j.t.JMeterThread: Thread is done: Add Visit Load 1-724
2026-08-04 21:51:29,005 INFO o.a.j.t.JMeterThread: Thread finished: Add Visit Load 1-724
2026-08-04 21:51:29,006 INFO o.a.j.t.JMeterThread: Thread is done: Add Visit Load 1-792
2026-08-04 21:51:29,006 INFO o.a.j.t.JMeterThread: Thread finished: Add Visit Load 1-792
2026-08-04 21:51:29,010 INFO o.a.j.t.JMeterThread: Thread is done: Add Visit Load 1-992
2026-08-04 21:51:29,010 INFO o.a.j.t.JMeterThread: Thread finished: Add Visit Load 1-992
2026-08-04 21:51:29,020 INFO o.a.j.t.JMeterThread: Thread is done: Add Visit Load 1-720
2026-08-04 21:51:29,020 INFO o.a.j.t.JMeterThread: Thread finished: Add Visit Load 1-720
2026-08-04 21:51:29,029 INFO o.a.j.t.JMeterThread: Thread is done: Add Visit Load 1-973
2026-08-04 21:51:29,029 INFO o.a.j.t.JMeterThread: Thread finished: Add Visit Load 1-973
2026-08-04 21:51:29,125 INFO o.a.j.t.JMeterThread: Thread is done: Add Visit Load 1-981
2026-08-04 21:51:29,125 INFO o.a.j.t.JMeterThread: Thread finished: Add Visit Load 1-981
2026-08-04 21:51:29,160 INFO o.a.j.t.JMeterThread: Thread is done: Add Visit Load 1-633
2026-08-04 21:51:29,160 INFO o.a.j.t.JMeterThread: Thread finished: Add Visit Load 1-633
2026-08-04 21:51:29,219 INFO o.a.j.t.JMeterThread: Thread is done: Add Visit Load 1-111
2026-08-04 21:51:29,219 INFO o.a.j.t.JMeterThread: Thread finished: Add Visit Load 1-111
2026-08-04 21:51:29,223 INFO o.a.j.t.JMeterThread: Thread is done: Add Visit Load 1-274
2026-08-04 21:51:29,223 INFO o.a.j.t.JMeterThread: Thread finished: Add Visit Load 1-274
2026-08-04 21:51:30,183 INFO o.a.j.r.Summariser: summary +    631 in 00:00:30 =   20.9/s Avg: 11910 Min:   228 Max: 86931 Err:   322 (51.03%) Active: 377 Started: 1000 Finished: 623
2026-08-04 21:51:30,184 INFO o.a.j.r.Summariser: summary =   1341 in 00:01:39 =   13.6/s Avg:  8605 Min:   216 Max: 86931 Err:   649 (48.40%)
2026-08-04 21:51:30,476 INFO o.a.j.t.JMeterThread: Thread is done: Add Visit Load 1-595
2026-08-04 21:51:30,476 INFO o.a.j.t.JMeterThread: Thread finished: Add Visit Load 1-595
2026-08-04 21:51:30,478 INFO o.a.j.t.JMeterThread: Thread is done: Add Visit Load 1-848
2026-08-04 21:51:30,478 INFO o.a.j.t.JMeterThread: Thread finished: Add Visit Load 1-848
2026-08-04 21:51:30,572 INFO o.a.j.t.JMeterThread: Thread is done: Add Visit Load 1-681
2026-08-04 21:51:30,572 INFO o.a.j.t.JMeterThread: Thread finished: Add Visit Load 1-681
2026-08-04 21:51:30,680 INFO o.a.j.t.JMeterThread: Thread is done: Add Visit Load 1-794
2026-08-04 21:51:30,680 INFO o.a.j.t.JMeterThread: Thread finished: Add Visit Load 1-794
2026-08-04 21:51:30,863 INFO o.a.j.t.JMeterThread: Thread is done: Add Visit Load 1-805
2026-08-04 21:51:30,863 INFO o.a.j.t.JMeterThread: Thread finished: Add Visit Load 1-805
2026-08-04 21:51:30,869 INFO o.a.j.t.JMeterThread: Thread is done: Add Visit Load 1-793
2026-08-04 21:51:30,869 INFO o.a.j.t.JMeterThread: Thread finished: Add Visit Load 1-793
2026-08-04 21:51:30,871 INFO o.a.j.t.JMeterThread: Thread is done: Add Visit Load 1-1000
2026-08-04 21:51:30,871 INFO o.a.j.t.JMeterThread: Thread finished: Add Visit Load 1-1000
2026-08-04 21:51:30,880 INFO o.a.j.t.JMeterThread: Thread is done: Add Visit Load 1-617
2026-08-04 21:51:30,880 INFO o.a.j.t.JMeterThread: Thread finished: Add Visit Load 1-617
2026-08-04 21:51:32,335 INFO o.a.j.t.JMeterThread: Thread is done: Add Visit Load 1-180
2026-08-04 21:51:32,335 INFO o.a.j.t.JMeterThread: Thread finished: Add Visit Load 1-180
2026-08-04 21:51:32,336 INFO o.a.j.t.JMeterThread: Thread is done: Add Visit Load 1-645
2026-08-04 21:51:32,336 INFO o.a.j.t.JMeterThread: Thread finished: Add Visit Load 1-645
2026-08-04 21:51:32,345 INFO o.a.j.t.JMeterThread: Thread is done: Add Visit Load 1-202
2026-08-04 21:51:32,345 INFO o.a.j.t.JMeterThread: Thread finished: Add Visit Load 1-202
2026-08-04 21:51:32,347 INFO o.a.j.t.JMeterThread: Thread is done: Add Visit Load 1-592
2026-08-04 21:51:32,347 INFO o.a.j.t.JMeterThread: Thread finished: Add Visit Load 1-592
2026-08-04 21:51:32,394 INFO o.a.j.t.JMeterThread: Thread is done: Add Visit Load 1-971
2026-08-04 21:51:32,394 INFO o.a.j.t.JMeterThread: Thread finished: Add Visit Load 1-971
2026-08-04 21:51:32,437 INFO o.a.j.t.JMeterThread: Thread is done: Add Visit Load 1-696
2026-08-04 21:51:32,437 INFO o.a.j.t.JMeterThread: Thread finished: Add Visit Load 1-696
2026-08-04 21:51:32,470 INFO o.a.j.t.JMeterThread: Thread is done: Add Visit Load 1-710
2026-08-04 21:51:32,470 INFO o.a.j.t.JMeterThread: Thread finished: Add Visit Load 1-710
2026-08-04 21:51:32,484 INFO o.a.j.t.JMeterThread: Thread is done: Add Visit Load 1-147
2026-08-04 21:51:32,484 INFO o.a.j.t.JMeterThread: Thread finished: Add Visit Load 1-147
2026-08-04 21:51:32,504 INFO o.a.j.t.JMeterThread: Thread is done: Add Visit Load 1-801
2026-08-04 21:51:32,504 INFO o.a.j.t.JMeterThread: Thread finished: Add Visit Load 1-801
2026-08-04 21:51:32,520 INFO o.a.j.t.JMeterThread: Thread is done: Add Visit Load 1-998
2026-08-04 21:51:32,520 INFO o.a.j.t.JMeterThread: Thread finished: Add Visit Load 1-998
2026-08-04 21:51:32,574 INFO o.a.j.t.JMeterThread: Thread is done: Add Visit Load 1-856
2026-08-04 21:51:32,574 INFO o.a.j.t.JMeterThread: Thread finished: Add Visit Load 1-856
2026-08-04 21:51:32,574 INFO o.a.j.t.JMeterThread: Thread is done: Add Visit Load 1-152
2026-08-04 21:51:32,574 INFO o.a.j.t.JMeterThread: Thread finished: Add Visit Load 1-152
2026-08-04 21:51:32,581 INFO o.a.j.t.JMeterThread: Thread is done: Add Visit Load 1-784
2026-08-04 21:51:32,581 INFO o.a.j.t.JMeterThread: Thread finished: Add Visit Load 1-784
2026-08-04 21:51:32,583 INFO o.a.j.t.JMeterThread: Thread is done: Add Visit Load 1-853
2026-08-04 21:51:32,583 INFO o.a.j.t.JMeterThread: Thread finished: Add Visit Load 1-853
2026-08-04 21:51:32,605 INFO o.a.j.t.JMeterThread: Thread is done: Add Visit Load 1-273
2026-08-04 21:51:32,605 INFO o.a.j.t.JMeterThread: Thread finished: Add Visit Load 1-273
2026-08-04 21:51:32,612 INFO o.a.j.t.JMeterThread: Thread is done: Add Visit Load 1-659
2026-08-04 21:51:32,612 INFO o.a.j.t.JMeterThread: Thread finished: Add Visit Load 1-659
2026-08-04 21:51:32,629 INFO o.a.j.t.JMeterThread: Thread is done: Add Visit Load 1-860
2026-08-04 21:51:32,629 INFO o.a.j.t.JMeterThread: Thread finished: Add Visit Load 1-860
2026-08-04 21:51:32,687 INFO o.a.j.t.JMeterThread: Thread is done: Add Visit Load 1-218
2026-08-04 21:51:32,687 INFO o.a.j.t.JMeterThread: Thread finished: Add Visit Load 1-218
2026-08-04 21:51:32,702 INFO o.a.j.t.JMeterThread: Thread is done: Add Visit Load 1-213
2026-08-04 21:51:32,702 INFO o.a.j.t.JMeterThread: Thread finished: Add Visit Load 1-213
2026-08-04 21:51:32,704 INFO o.a.j.t.JMeterThread: Thread is done: Add Visit Load 1-966
2026-08-04 21:51:32,704 INFO o.a.j.t.JMeterThread: Thread finished: Add Visit Load 1-966
2026-08-04 21:51:32,711 INFO o.a.j.t.JMeterThread: Thread is done: Add Visit Load 1-999
2026-08-04 21:51:32,711 INFO o.a.j.t.JMeterThread: Thread finished: Add Visit Load 1-999
2026-08-04 21:51:32,717 INFO o.a.j.t.JMeterThread: Thread is done: Add Visit Load 1-924
2026-08-04 21:51:32,717 INFO o.a.j.t.JMeterThread: Thread finished: Add Visit Load 1-924
2026-08-04 21:51:32,721 INFO o.a.j.t.JMeterThread: Thread is done: Add Visit Load 1-472
2026-08-04 21:51:32,721 INFO o.a.j.t.JMeterThread: Thread finished: Add Visit Load 1-472
2026-08-04 21:51:32,739 INFO o.a.j.t.JMeterThread: Thread is done: Add Visit Load 1-370
2026-08-04 21:51:32,739 INFO o.a.j.t.JMeterThread: Thread is done: Add Visit Load 1-978
2026-08-04 21:51:32,739 INFO o.a.j.t.JMeterThread: Thread finished: Add Visit Load 1-370
2026-08-04 21:51:32,739 INFO o.a.j.t.JMeterThread: Thread finished: Add Visit Load 1-978
2026-08-04 21:51:32,856 INFO o.a.j.t.JMeterThread: Thread is done: Add Visit Load 1-664
2026-08-04 21:51:32,856 INFO o.a.j.t.JMeterThread: Thread finished: Add Visit Load 1-664
2026-08-04 21:51:32,948 INFO o.a.j.t.JMeterThread: Thread is done: Add Visit Load 1-456
2026-08-04 21:51:32,948 INFO o.a.j.t.JMeterThread: Thread is done: Add Visit Load 1-305
2026-08-04 21:51:32,948 INFO o.a.j.t.JMeterThread: Thread finished: Add Visit Load 1-456
2026-08-04 21:51:32,948 INFO o.a.j.t.JMeterThread: Thread finished: Add Visit Load 1-305
2026-08-04 21:51:33,059 INFO o.a.j.t.JMeterThread: Thread is done: Add Visit Load 1-246
2026-08-04 21:51:33,059 INFO o.a.j.t.JMeterThread: Thread finished: Add Visit Load 1-246
2026-08-04 21:51:33,065 INFO o.a.j.t.JMeterThread: Thread is done: Add Visit Load 1-532
2026-08-04 21:51:33,066 INFO o.a.j.t.JMeterThread: Thread finished: Add Visit Load 1-532
2026-08-04 21:51:33,078 INFO o.a.j.t.JMeterThread: Thread is done: Add Visit Load 1-190
2026-08-04 21:51:33,078 INFO o.a.j.t.JMeterThread: Thread finished: Add Visit Load 1-190
2026-08-04 21:51:33,165 INFO o.a.j.t.JMeterThread: Thread is done: Add Visit Load 1-994
2026-08-04 21:51:33,165 INFO o.a.j.t.JMeterThread: Thread finished: Add Visit Load 1-994
2026-08-04 21:51:33,248 INFO o.a.j.t.JMeterThread: Thread is done: Add Visit Load 1-895
2026-08-04 21:51:33,248 INFO o.a.j.t.JMeterThread: Thread finished: Add Visit Load 1-895
2026-08-04 21:51:33,320 INFO o.a.j.t.JMeterThread: Thread is done: Add Visit Load 1-897
2026-08-04 21:51:33,320 INFO o.a.j.t.JMeterThread: Thread finished: Add Visit Load 1-897
2026-08-04 21:51:33,363 INFO o.a.j.t.JMeterThread: Thread is done: Add Visit Load 1-528
2026-08-04 21:51:33,363 INFO o.a.j.t.JMeterThread: Thread finished: Add Visit Load 1-528
2026-08-04 21:51:33,478 INFO o.a.j.t.JMeterThread: Thread is done: Add Visit Load 1-866
2026-08-04 21:51:33,478 INFO o.a.j.t.JMeterThread: Thread finished: Add Visit Load 1-866
2026-08-04 21:51:33,586 INFO o.a.j.t.JMeterThread: Thread is done: Add Visit Load 1-893
2026-08-04 21:51:33,587 INFO o.a.j.t.JMeterThread: Thread finished: Add Visit Load 1-893
2026-08-04 21:51:33,690 INFO o.a.j.t.JMeterThread: Thread is done: Add Visit Load 1-353
2026-08-04 21:51:33,690 INFO o.a.j.t.JMeterThread: Thread finished: Add Visit Load 1-353
2026-08-04 21:51:33,698 INFO o.a.j.t.JMeterThread: Thread is done: Add Visit Load 1-700
2026-08-04 21:51:33,698 INFO o.a.j.t.JMeterThread: Thread finished: Add Visit Load 1-700
2026-08-04 21:51:33,700 INFO o.a.j.t.JMeterThread: Thread is done: Add Visit Load 1-870
2026-08-04 21:51:33,700 INFO o.a.j.t.JMeterThread: Thread finished: Add Visit Load 1-870
2026-08-04 21:51:33,713 INFO o.a.j.t.JMeterThread: Thread is done: Add Visit Load 1-375
2026-08-04 21:51:33,713 INFO o.a.j.t.JMeterThread: Thread is done: Add Visit Load 1-905
2026-08-04 21:51:33,713 INFO o.a.j.t.JMeterThread: Thread finished: Add Visit Load 1-375
2026-08-04 21:51:33,713 INFO o.a.j.t.JMeterThread: Thread finished: Add Visit Load 1-905
2026-08-04 21:51:33,780 INFO o.a.j.t.JMeterThread: Thread is done: Add Visit Load 1-842
2026-08-04 21:51:33,780 INFO o.a.j.t.JMeterThread: Thread finished: Add Visit Load 1-842
2026-08-04 21:51:33,812 INFO o.a.j.t.JMeterThread: Thread is done: Add Visit Load 1-984
2026-08-04 21:51:33,812 INFO o.a.j.t.JMeterThread: Thread finished: Add Visit Load 1-984
2026-08-04 21:51:33,818 INFO o.a.j.t.JMeterThread: Thread is done: Add Visit Load 1-896
2026-08-04 21:51:33,818 INFO o.a.j.t.JMeterThread: Thread finished: Add Visit Load 1-896
2026-08-04 21:51:33,821 INFO o.a.j.t.JMeterThread: Thread is done: Add Visit Load 1-939
2026-08-04 21:51:33,821 INFO o.a.j.t.JMeterThread: Thread finished: Add Visit Load 1-939
2026-08-04 21:51:33,874 INFO o.a.j.t.JMeterThread: Thread is done: Add Visit Load 1-997
2026-08-04 21:51:33,874 INFO o.a.j.t.JMeterThread: Thread finished: Add Visit Load 1-997
2026-08-04 21:51:33,879 INFO o.a.j.t.JMeterThread: Thread is done: Add Visit Load 1-789
2026-08-04 21:51:33,879 INFO o.a.j.t.JMeterThread: Thread finished: Add Visit Load 1-789
2026-08-04 21:51:33,950 INFO o.a.j.t.JMeterThread: Thread is done: Add Visit Load 1-832
2026-08-04 21:51:33,950 INFO o.a.j.t.JMeterThread: Thread finished: Add Visit Load 1-832
2026-08-04 21:51:33,950 INFO o.a.j.t.JMeterThread: Thread is done: Add Visit Load 1-545
2026-08-04 21:51:33,950 INFO o.a.j.t.JMeterThread: Thread finished: Add Visit Load 1-545
2026-08-04 21:51:34,198 INFO o.a.j.t.JMeterThread: Thread is done: Add Visit Load 1-902
2026-08-04 21:51:34,198 INFO o.a.j.t.JMeterThread: Thread finished: Add Visit Load 1-902
2026-08-04 21:51:35,306 INFO o.a.j.t.JMeterThread: Thread is done: Add Visit Load 1-676
2026-08-04 21:51:35,306 INFO o.a.j.t.JMeterThread: Thread finished: Add Visit Load 1-676
2026-08-04 21:51:35,547 INFO o.a.j.t.JMeterThread: Thread is done: Add Visit Load 1-529
2026-08-04 21:51:35,547 INFO o.a.j.t.JMeterThread: Thread finished: Add Visit Load 1-529
2026-08-04 21:51:35,660 INFO o.a.j.t.JMeterThread: Thread is done: Add Visit Load 1-808
2026-08-04 21:51:35,660 INFO o.a.j.t.JMeterThread: Thread finished: Add Visit Load 1-808
2026-08-04 21:51:37,306 INFO o.a.j.t.JMeterThread: Thread is done: Add Visit Load 1-689
2026-08-04 21:51:37,306 INFO o.a.j.t.JMeterThread: Thread finished: Add Visit Load 1-689
2026-08-04 21:51:37,577 INFO o.a.j.t.JMeterThread: Thread is done: Add Visit Load 1-249
2026-08-04 21:51:37,577 INFO o.a.j.t.JMeterThread: Thread finished: Add Visit Load 1-249
2026-08-04 21:51:37,736 INFO o.a.j.t.JMeterThread: Thread is done: Add Visit Load 1-616
2026-08-04 21:51:37,736 INFO o.a.j.t.JMeterThread: Thread finished: Add Visit Load 1-616
2026-08-04 21:51:37,853 INFO o.a.j.t.JMeterThread: Thread is done: Add Visit Load 1-300
2026-08-04 21:51:37,853 INFO o.a.j.t.JMeterThread: Thread finished: Add Visit Load 1-300
2026-08-04 21:51:37,883 INFO o.a.j.t.JMeterThread: Thread is done: Add Visit Load 1-711
2026-08-04 21:51:37,883 INFO o.a.j.t.JMeterThread: Thread finished: Add Visit Load 1-711
2026-08-04 21:51:37,925 INFO o.a.j.t.JMeterThread: Thread is done: Add Visit Load 1-283
2026-08-04 21:51:37,925 INFO o.a.j.t.JMeterThread: Thread finished: Add Visit Load 1-283
2026-08-04 21:51:37,935 INFO o.a.j.t.JMeterThread: Thread is done: Add Visit Load 1-291
2026-08-04 21:51:37,935 INFO o.a.j.t.JMeterThread: Thread finished: Add Visit Load 1-291
2026-08-04 21:51:37,943 INFO o.a.j.t.JMeterThread: Thread is done: Add Visit Load 1-825
2026-08-04 21:51:37,943 INFO o.a.j.t.JMeterThread: Thread finished: Add Visit Load 1-825
2026-08-04 21:51:38,135 INFO o.a.j.t.JMeterThread: Thread is done: Add Visit Load 1-736
2026-08-04 21:51:38,135 INFO o.a.j.t.JMeterThread: Thread finished: Add Visit Load 1-736
2026-08-04 21:51:38,151 INFO o.a.j.t.JMeterThread: Thread is done: Add Visit Load 1-422
2026-08-04 21:51:38,151 INFO o.a.j.t.JMeterThread: Thread finished: Add Visit Load 1-422
2026-08-04 21:51:38,153 INFO o.a.j.t.JMeterThread: Thread is done: Add Visit Load 1-719
2026-08-04 21:51:38,153 INFO o.a.j.t.JMeterThread: Thread finished: Add Visit Load 1-719
2026-08-04 21:51:38,173 INFO o.a.j.t.JMeterThread: Thread is done: Add Visit Load 1-833
2026-08-04 21:51:38,173 INFO o.a.j.t.JMeterThread: Thread finished: Add Visit Load 1-833
2026-08-04 21:51:38,173 INFO o.a.j.t.JMeterThread: Thread is done: Add Visit Load 1-728
2026-08-04 21:51:38,173 INFO o.a.j.t.JMeterThread: Thread finished: Add Visit Load 1-728
2026-08-04 21:51:38,175 INFO o.a.j.t.JMeterThread: Thread is done: Add Visit Load 1-779
2026-08-04 21:51:38,175 INFO o.a.j.t.JMeterThread: Thread finished: Add Visit Load 1-779
2026-08-04 21:51:38,189 INFO o.a.j.t.JMeterThread: Thread is done: Add Visit Load 1-594
2026-08-04 21:51:38,189 INFO o.a.j.t.JMeterThread: Thread finished: Add Visit Load 1-594
2026-08-04 21:51:38,489 INFO o.a.j.t.JMeterThread: Thread is done: Add Visit Load 1-911
2026-08-04 21:51:38,489 INFO o.a.j.t.JMeterThread: Thread finished: Add Visit Load 1-911
2026-08-04 21:51:38,547 INFO o.a.j.t.JMeterThread: Thread is done: Add Visit Load 1-908
2026-08-04 21:51:38,547 INFO o.a.j.t.JMeterThread: Thread finished: Add Visit Load 1-908
2026-08-04 21:51:38,553 INFO o.a.j.t.JMeterThread: Thread is done: Add Visit Load 1-914
2026-08-04 21:51:38,553 INFO o.a.j.t.JMeterThread: Thread finished: Add Visit Load 1-914
2026-08-04 21:51:38,872 INFO o.a.j.t.JMeterThread: Thread is done: Add Visit Load 1-912
2026-08-04 21:51:38,872 INFO o.a.j.t.JMeterThread: Thread finished: Add Visit Load 1-912
2026-08-04 21:51:38,950 INFO o.a.j.t.JMeterThread: Thread is done: Add Visit Load 1-747
2026-08-04 21:51:38,950 INFO o.a.j.t.JMeterThread: Thread is done: Add Visit Load 1-969
2026-08-04 21:51:38,950 INFO o.a.j.t.JMeterThread: Thread finished: Add Visit Load 1-747
2026-08-04 21:51:38,950 INFO o.a.j.t.JMeterThread: Thread finished: Add Visit Load 1-969
2026-08-04 21:51:38,954 INFO o.a.j.t.JMeterThread: Thread is done: Add Visit Load 1-721
2026-08-04 21:51:38,954 INFO o.a.j.t.JMeterThread: Thread finished: Add Visit Load 1-721
2026-08-04 21:51:39,023 INFO o.a.j.t.JMeterThread: Thread is done: Add Visit Load 1-909
2026-08-04 21:51:39,023 INFO o.a.j.t.JMeterThread: Thread finished: Add Visit Load 1-909
2026-08-04 21:51:39,150 INFO o.a.j.t.JMeterThread: Thread is done: Add Visit Load 1-547
2026-08-04 21:51:39,150 INFO o.a.j.t.JMeterThread: Thread finished: Add Visit Load 1-547
2026-08-04 21:51:39,164 INFO o.a.j.t.JMeterThread: Thread is done: Add Visit Load 1-570
2026-08-04 21:51:39,164 INFO o.a.j.t.JMeterThread: Thread finished: Add Visit Load 1-570
2026-08-04 21:51:39,178 INFO o.a.j.t.JMeterThread: Thread is done: Add Visit Load 1-881
2026-08-04 21:51:39,178 INFO o.a.j.t.JMeterThread: Thread finished: Add Visit Load 1-881
2026-08-04 21:51:40,343 INFO o.a.j.t.JMeterThread: Thread is done: Add Visit Load 1-948
2026-08-04 21:51:40,343 INFO o.a.j.t.JMeterThread: Thread finished: Add Visit Load 1-948
2026-08-04 21:51:40,636 INFO o.a.j.t.JMeterThread: Thread is done: Add Visit Load 1-500
2026-08-04 21:51:40,636 INFO o.a.j.t.JMeterThread: Thread finished: Add Visit Load 1-500
2026-08-04 21:51:40,734 INFO o.a.j.t.JMeterThread: Thread is done: Add Visit Load 1-929
2026-08-04 21:51:40,734 INFO o.a.j.t.JMeterThread: Thread finished: Add Visit Load 1-929
2026-08-04 21:51:40,800 INFO o.a.j.t.JMeterThread: Thread is done: Add Visit Load 1-141
2026-08-04 21:51:40,800 INFO o.a.j.t.JMeterThread: Thread finished: Add Visit Load 1-141
2026-08-04 21:51:41,130 INFO o.a.j.t.JMeterThread: Thread is done: Add Visit Load 1-816
2026-08-04 21:51:41,131 INFO o.a.j.t.JMeterThread: Thread finished: Add Visit Load 1-816
2026-08-04 21:51:41,142 INFO o.a.j.t.JMeterThread: Thread is done: Add Visit Load 1-296
2026-08-04 21:51:41,142 INFO o.a.j.t.JMeterThread: Thread finished: Add Visit Load 1-296
2026-08-04 21:51:41,151 INFO o.a.j.t.JMeterThread: Thread is done: Add Visit Load 1-917
2026-08-04 21:51:41,152 INFO o.a.j.t.JMeterThread: Thread finished: Add Visit Load 1-917
2026-08-04 21:51:41,170 INFO o.a.j.t.JMeterThread: Thread is done: Add Visit Load 1-977
2026-08-04 21:51:41,170 INFO o.a.j.t.JMeterThread: Thread finished: Add Visit Load 1-977
2026-08-04 21:51:41,271 INFO o.a.j.t.JMeterThread: Thread is done: Add Visit Load 1-233
2026-08-04 21:51:41,271 INFO o.a.j.t.JMeterThread: Thread finished: Add Visit Load 1-233
2026-08-04 21:51:41,335 INFO o.a.j.t.JMeterThread: Thread is done: Add Visit Load 1-636
2026-08-04 21:51:41,335 INFO o.a.j.t.JMeterThread: Thread finished: Add Visit Load 1-636
2026-08-04 21:51:41,450 INFO o.a.j.t.JMeterThread: Thread is done: Add Visit Load 1-910
2026-08-04 21:51:41,450 INFO o.a.j.t.JMeterThread: Thread finished: Add Visit Load 1-910
2026-08-04 21:51:41,549 INFO o.a.j.t.JMeterThread: Thread is done: Add Visit Load 1-399
2026-08-04 21:51:41,549 INFO o.a.j.t.JMeterThread: Thread finished: Add Visit Load 1-399
2026-08-04 21:51:41,626 INFO o.a.j.t.JMeterThread: Thread is done: Add Visit Load 1-660
2026-08-04 21:51:41,626 INFO o.a.j.t.JMeterThread: Thread finished: Add Visit Load 1-660
2026-08-04 21:51:41,635 INFO o.a.j.t.JMeterThread: Thread is done: Add Visit Load 1-535
2026-08-04 21:51:41,635 INFO o.a.j.t.JMeterThread: Thread finished: Add Visit Load 1-535
2026-08-04 21:51:41,637 INFO o.a.j.t.JMeterThread: Thread is done: Add Visit Load 1-582
2026-08-04 21:51:41,637 INFO o.a.j.t.JMeterThread: Thread finished: Add Visit Load 1-582
2026-08-04 21:51:41,646 INFO o.a.j.t.JMeterThread: Thread is done: Add Visit Load 1-918
2026-08-04 21:51:41,647 INFO o.a.j.t.JMeterThread: Thread finished: Add Visit Load 1-918
2026-08-04 21:51:41,800 INFO o.a.j.t.JMeterThread: Thread is done: Add Visit Load 1-740
2026-08-04 21:51:41,800 INFO o.a.j.t.JMeterThread: Thread finished: Add Visit Load 1-740
2026-08-04 21:51:41,907 INFO o.a.j.t.JMeterThread: Thread is done: Add Visit Load 1-369
2026-08-04 21:51:41,907 INFO o.a.j.t.JMeterThread: Thread finished: Add Visit Load 1-369
2026-08-04 21:51:42,238 INFO o.a.j.t.JMeterThread: Thread is done: Add Visit Load 1-878
2026-08-04 21:51:42,238 INFO o.a.j.t.JMeterThread: Thread finished: Add Visit Load 1-878
2026-08-04 21:51:42,282 INFO o.a.j.t.JMeterThread: Thread is done: Add Visit Load 1-962
2026-08-04 21:51:42,282 INFO o.a.j.t.JMeterThread: Thread finished: Add Visit Load 1-962
2026-08-04 21:51:43,645 INFO o.a.j.t.JMeterThread: Thread is done: Add Visit Load 1-949
2026-08-04 21:51:43,646 INFO o.a.j.t.JMeterThread: Thread finished: Add Visit Load 1-949
2026-08-04 21:51:43,653 INFO o.a.j.t.JMeterThread: Thread is done: Add Visit Load 1-915
2026-08-04 21:51:43,653 INFO o.a.j.t.JMeterThread: Thread finished: Add Visit Load 1-915
2026-08-04 21:51:43,938 INFO o.a.j.t.JMeterThread: Thread is done: Add Visit Load 1-537
2026-08-04 21:51:43,938 INFO o.a.j.t.JMeterThread: Thread finished: Add Visit Load 1-537
2026-08-04 21:51:44,433 INFO o.a.j.t.JMeterThread: Thread is done: Add Visit Load 1-620
2026-08-04 21:51:44,433 INFO o.a.j.t.JMeterThread: Thread finished: Add Visit Load 1-620
2026-08-04 21:51:44,510 INFO o.a.j.t.JMeterThread: Thread is done: Add Visit Load 1-585
2026-08-04 21:51:44,510 INFO o.a.j.t.JMeterThread: Thread finished: Add Visit Load 1-585
2026-08-04 21:51:44,547 INFO o.a.j.t.JMeterThread: Thread is done: Add Visit Load 1-516
2026-08-04 21:51:44,547 INFO o.a.j.t.JMeterThread: Thread finished: Add Visit Load 1-516
2026-08-04 21:51:44,557 INFO o.a.j.t.JMeterThread: Thread is done: Add Visit Load 1-409
2026-08-04 21:51:44,557 INFO o.a.j.t.JMeterThread: Thread finished: Add Visit Load 1-409
2026-08-04 21:51:44,577 INFO o.a.j.t.JMeterThread: Thread is done: Add Visit Load 1-958
2026-08-04 21:51:44,577 INFO o.a.j.t.JMeterThread: Thread finished: Add Visit Load 1-958
2026-08-04 21:51:44,581 INFO o.a.j.t.JMeterThread: Thread is done: Add Visit Load 1-543
2026-08-04 21:51:44,581 INFO o.a.j.t.JMeterThread: Thread finished: Add Visit Load 1-543
2026-08-04 21:51:44,661 INFO o.a.j.t.JMeterThread: Thread is done: Add Visit Load 1-849
2026-08-04 21:51:44,661 INFO o.a.j.t.JMeterThread: Thread finished: Add Visit Load 1-849
2026-08-04 21:51:44,687 INFO o.a.j.t.JMeterThread: Thread is done: Add Visit Load 1-850
2026-08-04 21:51:44,688 INFO o.a.j.t.JMeterThread: Thread finished: Add Visit Load 1-850
2026-08-04 21:51:44,696 INFO o.a.j.t.JMeterThread: Thread is done: Add Visit Load 1-820
2026-08-04 21:51:44,696 INFO o.a.j.t.JMeterThread: Thread finished: Add Visit Load 1-820
2026-08-04 21:51:44,702 INFO o.a.j.t.JMeterThread: Thread is done: Add Visit Load 1-232
2026-08-04 21:51:44,702 INFO o.a.j.t.JMeterThread: Thread finished: Add Visit Load 1-232
2026-08-04 21:51:44,713 INFO o.a.j.t.JMeterThread: Thread is done: Add Visit Load 1-769
2026-08-04 21:51:44,713 INFO o.a.j.t.JMeterThread: Thread finished: Add Visit Load 1-769
2026-08-04 21:51:44,766 INFO o.a.j.t.JMeterThread: Thread is done: Add Visit Load 1-916
2026-08-04 21:51:44,767 INFO o.a.j.t.JMeterThread: Thread finished: Add Visit Load 1-916
2026-08-04 21:51:44,907 INFO o.a.j.t.JMeterThread: Thread is done: Add Visit Load 1-872
2026-08-04 21:51:44,907 INFO o.a.j.t.JMeterThread: Thread finished: Add Visit Load 1-872
2026-08-04 21:51:44,958 INFO o.a.j.t.JMeterThread: Thread is done: Add Visit Load 1-817
2026-08-04 21:51:44,958 INFO o.a.j.t.JMeterThread: Thread finished: Add Visit Load 1-817
2026-08-04 21:51:44,987 INFO o.a.j.t.JMeterThread: Thread is done: Add Visit Load 1-215
2026-08-04 21:51:44,987 INFO o.a.j.t.JMeterThread: Thread finished: Add Visit Load 1-215
2026-08-04 21:51:45,046 INFO o.a.j.t.JMeterThread: Thread is done: Add Visit Load 1-838
2026-08-04 21:51:45,046 INFO o.a.j.t.JMeterThread: Thread finished: Add Visit Load 1-838
2026-08-04 21:51:45,051 INFO o.a.j.t.JMeterThread: Thread is done: Add Visit Load 1-638
2026-08-04 21:51:45,051 INFO o.a.j.t.JMeterThread: Thread finished: Add Visit Load 1-638
2026-08-04 21:51:45,081 INFO o.a.j.t.JMeterThread: Thread is done: Add Visit Load 1-684
2026-08-04 21:51:45,081 INFO o.a.j.t.JMeterThread: Thread finished: Add Visit Load 1-684
2026-08-04 21:51:45,103 INFO o.a.j.t.JMeterThread: Thread is done: Add Visit Load 1-682
2026-08-04 21:51:45,104 INFO o.a.j.t.JMeterThread: Thread finished: Add Visit Load 1-682
2026-08-04 21:51:45,118 INFO o.a.j.t.JMeterThread: Thread is done: Add Visit Load 1-717
2026-08-04 21:51:45,118 INFO o.a.j.t.JMeterThread: Thread finished: Add Visit Load 1-717
2026-08-04 21:51:45,130 INFO o.a.j.t.JMeterThread: Thread is done: Add Visit Load 1-683
2026-08-04 21:51:45,130 INFO o.a.j.t.JMeterThread: Thread finished: Add Visit Load 1-683
2026-08-04 21:51:45,232 INFO o.a.j.t.JMeterThread: Thread is done: Add Visit Load 1-459
2026-08-04 21:51:45,232 INFO o.a.j.t.JMeterThread: Thread finished: Add Visit Load 1-459
2026-08-04 21:51:45,241 INFO o.a.j.t.JMeterThread: Thread is done: Add Visit Load 1-986
2026-08-04 21:51:45,241 INFO o.a.j.t.JMeterThread: Thread finished: Add Visit Load 1-986
2026-08-04 21:51:45,766 INFO o.a.j.t.JMeterThread: Thread is done: Add Visit Load 1-840
2026-08-04 21:51:45,766 INFO o.a.j.t.JMeterThread: Thread finished: Add Visit Load 1-840
2026-08-04 21:51:45,979 INFO o.a.j.t.JMeterThread: Thread is done: Add Visit Load 1-691
2026-08-04 21:51:45,979 INFO o.a.j.t.JMeterThread: Thread finished: Add Visit Load 1-691
2026-08-04 21:51:46,055 INFO o.a.j.t.JMeterThread: Thread is done: Add Visit Load 1-698
2026-08-04 21:51:46,056 INFO o.a.j.t.JMeterThread: Thread finished: Add Visit Load 1-698
2026-08-04 21:51:46,062 INFO o.a.j.t.JMeterThread: Thread is done: Add Visit Load 1-706
2026-08-04 21:51:46,062 INFO o.a.j.t.JMeterThread: Thread finished: Add Visit Load 1-706
2026-08-04 21:51:46,063 INFO o.a.j.t.JMeterThread: Thread is done: Add Visit Load 1-571
2026-08-04 21:51:46,063 INFO o.a.j.t.JMeterThread: Thread finished: Add Visit Load 1-571
2026-08-04 21:51:46,068 INFO o.a.j.t.JMeterThread: Thread is done: Add Visit Load 1-662
2026-08-04 21:51:46,069 INFO o.a.j.t.JMeterThread: Thread finished: Add Visit Load 1-662
2026-08-04 21:51:46,125 INFO o.a.j.t.JMeterThread: Thread is done: Add Visit Load 1-694
2026-08-04 21:51:46,125 INFO o.a.j.t.JMeterThread: Thread finished: Add Visit Load 1-694
2026-08-04 21:51:46,212 INFO o.a.j.t.JMeterThread: Thread is done: Add Visit Load 1-624
2026-08-04 21:51:46,212 INFO o.a.j.t.JMeterThread: Thread finished: Add Visit Load 1-624
2026-08-04 21:51:46,267 INFO o.a.j.t.JMeterThread: Thread is done: Add Visit Load 1-834
2026-08-04 21:51:46,267 INFO o.a.j.t.JMeterThread: Thread finished: Add Visit Load 1-834
2026-08-04 21:51:46,277 INFO o.a.j.t.JMeterThread: Thread is done: Add Visit Load 1-835
2026-08-04 21:51:46,277 INFO o.a.j.t.JMeterThread: Thread finished: Add Visit Load 1-835
2026-08-04 21:51:46,284 INFO o.a.j.t.JMeterThread: Thread is done: Add Visit Load 1-400
2026-08-04 21:51:46,285 INFO o.a.j.t.JMeterThread: Thread finished: Add Visit Load 1-400
2026-08-04 21:51:47,314 INFO o.a.j.t.JMeterThread: Thread is done: Add Visit Load 1-572
2026-08-04 21:51:47,315 INFO o.a.j.t.JMeterThread: Thread finished: Add Visit Load 1-572
2026-08-04 21:51:47,479 INFO o.a.j.t.JMeterThread: Thread is done: Add Visit Load 1-723
2026-08-04 21:51:47,479 INFO o.a.j.t.JMeterThread: Thread finished: Add Visit Load 1-723
2026-08-04 21:51:47,546 INFO o.a.j.t.JMeterThread: Thread is done: Add Visit Load 1-815
2026-08-04 21:51:47,546 INFO o.a.j.t.JMeterThread: Thread finished: Add Visit Load 1-815
2026-08-04 21:51:47,749 INFO o.a.j.t.JMeterThread: Thread is done: Add Visit Load 1-828
2026-08-04 21:51:47,749 INFO o.a.j.t.JMeterThread: Thread finished: Add Visit Load 1-828
2026-08-04 21:51:47,968 INFO o.a.j.t.JMeterThread: Thread is done: Add Visit Load 1-462
2026-08-04 21:51:47,968 INFO o.a.j.t.JMeterThread: Thread finished: Add Visit Load 1-462
2026-08-04 21:51:47,981 INFO o.a.j.t.JMeterThread: Thread is done: Add Visit Load 1-430
2026-08-04 21:51:47,981 INFO o.a.j.t.JMeterThread: Thread finished: Add Visit Load 1-430
2026-08-04 21:51:47,989 INFO o.a.j.t.JMeterThread: Thread is done: Add Visit Load 1-679
2026-08-04 21:51:47,989 INFO o.a.j.t.JMeterThread: Thread finished: Add Visit Load 1-679
2026-08-04 21:51:47,998 INFO o.a.j.t.JMeterThread: Thread is done: Add Visit Load 1-455
2026-08-04 21:51:47,999 INFO o.a.j.t.JMeterThread: Thread finished: Add Visit Load 1-455
2026-08-04 21:51:48,031 INFO o.a.j.t.JMeterThread: Thread is done: Add Visit Load 1-827
2026-08-04 21:51:48,031 INFO o.a.j.t.JMeterThread: Thread finished: Add Visit Load 1-827
2026-08-04 21:51:48,093 INFO o.a.j.t.JMeterThread: Thread is done: Add Visit Load 1-412
2026-08-04 21:51:48,093 INFO o.a.j.t.JMeterThread: Thread finished: Add Visit Load 1-412
2026-08-04 21:51:48,177 INFO o.a.j.t.JMeterThread: Thread is done: Add Visit Load 1-466
2026-08-04 21:51:48,177 INFO o.a.j.t.JMeterThread: Thread finished: Add Visit Load 1-466
2026-08-04 21:51:48,362 INFO o.a.j.t.JMeterThread: Thread is done: Add Visit Load 1-745
2026-08-04 21:51:48,362 INFO o.a.j.t.JMeterThread: Thread finished: Add Visit Load 1-745
2026-08-04 21:51:48,383 INFO o.a.j.t.JMeterThread: Thread is done: Add Visit Load 1-425
2026-08-04 21:51:48,383 INFO o.a.j.t.JMeterThread: Thread finished: Add Visit Load 1-425
2026-08-04 21:51:48,404 INFO o.a.j.t.JMeterThread: Thread is done: Add Visit Load 1-734
2026-08-04 21:51:48,404 INFO o.a.j.t.JMeterThread: Thread finished: Add Visit Load 1-734
2026-08-04 21:51:48,755 INFO o.a.j.t.JMeterThread: Thread is done: Add Visit Load 1-155
2026-08-04 21:51:48,755 INFO o.a.j.t.JMeterThread: Thread finished: Add Visit Load 1-155
2026-08-04 21:51:48,792 INFO o.a.j.t.JMeterThread: Thread is done: Add Visit Load 1-468
2026-08-04 21:51:48,792 INFO o.a.j.t.JMeterThread: Thread finished: Add Visit Load 1-468
2026-08-04 21:51:48,925 INFO o.a.j.t.JMeterThread: Thread is done: Add Visit Load 1-819
2026-08-04 21:51:48,925 INFO o.a.j.t.JMeterThread: Thread finished: Add Visit Load 1-819
2026-08-04 21:51:49,190 INFO o.a.j.t.JMeterThread: Thread is done: Add Visit Load 1-494
2026-08-04 21:51:49,190 INFO o.a.j.t.JMeterThread: Thread finished: Add Visit Load 1-494
2026-08-04 21:51:49,209 INFO o.a.j.t.JMeterThread: Thread is done: Add Visit Load 1-493
2026-08-04 21:51:49,209 INFO o.a.j.t.JMeterThread: Thread finished: Add Visit Load 1-493
2026-08-04 21:51:51,506 INFO o.a.j.t.JMeterThread: Thread is done: Add Visit Load 1-480
2026-08-04 21:51:51,506 INFO o.a.j.t.JMeterThread: Thread finished: Add Visit Load 1-480
2026-08-04 21:51:51,771 INFO o.a.j.t.JMeterThread: Thread is done: Add Visit Load 1-831
2026-08-04 21:51:51,771 INFO o.a.j.t.JMeterThread: Thread finished: Add Visit Load 1-831
2026-08-04 21:51:52,046 INFO o.a.j.t.JMeterThread: Thread is done: Add Visit Load 1-298
2026-08-04 21:51:52,046 INFO o.a.j.t.JMeterThread: Thread finished: Add Visit Load 1-298
2026-08-04 21:51:52,918 INFO o.a.j.t.JMeterThread: Thread is done: Add Visit Load 1-405
2026-08-04 21:51:52,918 INFO o.a.j.t.JMeterThread: Thread finished: Add Visit Load 1-405
2026-08-04 21:51:54,166 INFO o.a.j.t.JMeterThread: Thread is done: Add Visit Load 1-242
2026-08-04 21:51:54,166 INFO o.a.j.t.JMeterThread: Thread finished: Add Visit Load 1-242
2026-08-04 21:51:54,948 INFO o.a.j.t.JMeterThread: Thread is done: Add Visit Load 1-239
2026-08-04 21:51:54,948 INFO o.a.j.t.JMeterThread: Thread finished: Add Visit Load 1-239
2026-08-04 21:51:55,118 INFO o.a.j.t.JMeterThread: Thread is done: Add Visit Load 1-386
2026-08-04 21:51:55,118 INFO o.a.j.t.JMeterThread: Thread finished: Add Visit Load 1-386
2026-08-04 21:51:55,140 INFO o.a.j.t.JMeterThread: Thread is done: Add Visit Load 1-384
2026-08-04 21:51:55,140 INFO o.a.j.t.JMeterThread: Thread finished: Add Visit Load 1-384
2026-08-04 21:51:55,159 INFO o.a.j.t.JMeterThread: Thread is done: Add Visit Load 1-374
2026-08-04 21:51:55,159 INFO o.a.j.t.JMeterThread: Thread finished: Add Visit Load 1-374
2026-08-04 21:51:56,297 INFO o.a.j.t.JMeterThread: Thread is done: Add Visit Load 1-489
2026-08-04 21:51:56,297 INFO o.a.j.t.JMeterThread: Thread finished: Add Visit Load 1-489
2026-08-04 21:51:56,775 INFO o.a.j.t.JMeterThread: Thread is done: Add Visit Load 1-265
2026-08-04 21:51:56,775 INFO o.a.j.t.JMeterThread: Thread finished: Add Visit Load 1-265
2026-08-04 21:51:56,926 INFO o.a.j.t.JMeterThread: Thread is done: Add Visit Load 1-229
2026-08-04 21:51:56,926 INFO o.a.j.t.JMeterThread: Thread finished: Add Visit Load 1-229
2026-08-04 21:51:57,043 INFO o.a.j.t.JMeterThread: Thread is done: Add Visit Load 1-445
2026-08-04 21:51:57,043 INFO o.a.j.t.JMeterThread: Thread finished: Add Visit Load 1-445
2026-08-04 21:51:57,153 INFO o.a.j.t.JMeterThread: Thread is done: Add Visit Load 1-491
2026-08-04 21:51:57,153 INFO o.a.j.t.JMeterThread: Thread finished: Add Visit Load 1-491
2026-08-04 21:51:57,295 INFO o.a.j.t.JMeterThread: Thread is done: Add Visit Load 1-255
2026-08-04 21:51:57,295 INFO o.a.j.t.JMeterThread: Thread finished: Add Visit Load 1-255
2026-08-04 21:51:57,396 INFO o.a.j.t.JMeterThread: Thread is done: Add Visit Load 1-320
2026-08-04 21:51:57,396 INFO o.a.j.t.JMeterThread: Thread finished: Add Visit Load 1-320
2026-08-04 21:51:57,596 INFO o.a.j.t.JMeterThread: Thread is done: Add Visit Load 1-508
2026-08-04 21:51:57,596 INFO o.a.j.t.JMeterThread: Thread finished: Add Visit Load 1-508
2026-08-04 21:51:57,689 INFO o.a.j.t.JMeterThread: Thread is done: Add Visit Load 1-198
2026-08-04 21:51:57,689 INFO o.a.j.t.JMeterThread: Thread finished: Add Visit Load 1-198
2026-08-04 21:51:57,837 INFO o.a.j.t.JMeterThread: Thread is done: Add Visit Load 1-520
2026-08-04 21:51:57,837 INFO o.a.j.t.JMeterThread: Thread finished: Add Visit Load 1-520
2026-08-04 21:51:57,838 INFO o.a.j.t.JMeterThread: Thread is done: Add Visit Load 1-193
2026-08-04 21:51:57,838 INFO o.a.j.t.JMeterThread: Thread finished: Add Visit Load 1-193
2026-08-04 21:51:57,846 INFO o.a.j.t.JMeterThread: Thread is done: Add Visit Load 1-267
2026-08-04 21:51:57,846 INFO o.a.j.t.JMeterThread: Thread finished: Add Visit Load 1-267
2026-08-04 21:51:58,107 INFO o.a.j.t.JMeterThread: Thread is done: Add Visit Load 1-799
2026-08-04 21:51:58,107 INFO o.a.j.t.JMeterThread: Thread finished: Add Visit Load 1-799
2026-08-04 21:51:58,751 INFO o.a.j.t.JMeterThread: Thread is done: Add Visit Load 1-269
2026-08-04 21:51:58,751 INFO o.a.j.t.JMeterThread: Thread finished: Add Visit Load 1-269
2026-08-04 21:51:58,796 INFO o.a.j.t.JMeterThread: Thread is done: Add Visit Load 1-388
2026-08-04 21:51:58,796 INFO o.a.j.t.JMeterThread: Thread finished: Add Visit Load 1-388
2026-08-04 21:51:58,845 INFO o.a.j.t.JMeterThread: Thread is done: Add Visit Load 1-292
2026-08-04 21:51:58,845 INFO o.a.j.t.JMeterThread: Thread finished: Add Visit Load 1-292
2026-08-04 21:51:59,086 INFO o.a.j.t.JMeterThread: Thread is done: Add Visit Load 1-201
2026-08-04 21:51:59,086 INFO o.a.j.t.JMeterThread: Thread finished: Add Visit Load 1-201
2026-08-04 21:51:59,258 INFO o.a.j.t.JMeterThread: Thread is done: Add Visit Load 1-287
2026-08-04 21:51:59,258 INFO o.a.j.t.JMeterThread: Thread finished: Add Visit Load 1-287
2026-08-04 21:51:59,320 INFO o.a.j.t.JMeterThread: Thread is done: Add Visit Load 1-310
2026-08-04 21:51:59,320 INFO o.a.j.t.JMeterThread: Thread finished: Add Visit Load 1-310
2026-08-04 21:51:59,412 INFO o.a.j.t.JMeterThread: Thread is done: Add Visit Load 1-626
2026-08-04 21:51:59,412 INFO o.a.j.t.JMeterThread: Thread finished: Add Visit Load 1-626
2026-08-04 21:51:59,705 INFO o.a.j.t.JMeterThread: Thread is done: Add Visit Load 1-974
2026-08-04 21:51:59,705 INFO o.a.j.t.JMeterThread: Thread finished: Add Visit Load 1-974
2026-08-04 21:51:59,944 INFO o.a.j.t.JMeterThread: Thread is done: Add Visit Load 1-390
2026-08-04 21:51:59,944 INFO o.a.j.t.JMeterThread: Thread finished: Add Visit Load 1-390
2026-08-04 21:52:01,812 INFO o.a.j.r.Summariser: summary +    328 in 00:00:32 =   10.4/s Avg: 28536 Min:   223 Max: 108003 Err:   195 (59.45%) Active: 182 Started: 1000 Finished: 818
2026-08-04 21:52:01,814 INFO o.a.j.r.Summariser: summary =   1669 in 00:02:10 =   12.8/s Avg: 12522 Min:   216 Max: 108003 Err:   844 (50.57%)
2026-08-04 21:52:02,016 INFO o.a.j.t.JMeterThread: Thread is done: Add Visit Load 1-550
2026-08-04 21:52:02,016 INFO o.a.j.t.JMeterThread: Thread finished: Add Visit Load 1-550
2026-08-04 21:52:02,681 INFO o.a.j.t.JMeterThread: Thread is done: Add Visit Load 1-479
2026-08-04 21:52:02,681 INFO o.a.j.t.JMeterThread: Thread finished: Add Visit Load 1-479
2026-08-04 21:52:03,130 INFO o.a.j.t.JMeterThread: Thread is done: Add Visit Load 1-564
2026-08-04 21:52:03,130 INFO o.a.j.t.JMeterThread: Thread finished: Add Visit Load 1-564
2026-08-04 21:52:03,159 INFO o.a.j.t.JMeterThread: Thread is done: Add Visit Load 1-313
2026-08-04 21:52:03,159 INFO o.a.j.t.JMeterThread: Thread finished: Add Visit Load 1-313
2026-08-04 21:52:03,322 INFO o.a.j.t.JMeterThread: Thread is done: Add Visit Load 1-607
2026-08-04 21:52:03,322 INFO o.a.j.t.JMeterThread: Thread finished: Add Visit Load 1-607
2026-08-04 21:52:03,441 INFO o.a.j.t.JMeterThread: Thread is done: Add Visit Load 1-590
2026-08-04 21:52:03,441 INFO o.a.j.t.JMeterThread: Thread finished: Add Visit Load 1-590
2026-08-04 21:52:03,455 INFO o.a.j.t.JMeterThread: Thread is done: Add Visit Load 1-634
2026-08-04 21:52:03,455 INFO o.a.j.t.JMeterThread: Thread finished: Add Visit Load 1-634
2026-08-04 21:52:03,459 INFO o.a.j.t.JMeterThread: Thread is done: Add Visit Load 1-906
2026-08-04 21:52:03,459 INFO o.a.j.t.JMeterThread: Thread finished: Add Visit Load 1-906
2026-08-04 21:52:03,804 INFO o.a.j.t.JMeterThread: Thread is done: Add Visit Load 1-613
2026-08-04 21:52:03,804 INFO o.a.j.t.JMeterThread: Thread finished: Add Visit Load 1-613
2026-08-04 21:52:03,918 INFO o.a.j.t.JMeterThread: Thread is done: Add Visit Load 1-652
2026-08-04 21:52:03,918 INFO o.a.j.t.JMeterThread: Thread finished: Add Visit Load 1-652
2026-08-04 21:52:03,949 INFO o.a.j.t.JMeterThread: Thread is done: Add Visit Load 1-587
2026-08-04 21:52:03,949 INFO o.a.j.t.JMeterThread: Thread finished: Add Visit Load 1-587
2026-08-04 21:52:05,018 INFO o.a.j.t.JMeterThread: Thread is done: Add Visit Load 1-631
2026-08-04 21:52:05,019 INFO o.a.j.t.JMeterThread: Thread finished: Add Visit Load 1-631
2026-08-04 21:52:05,038 INFO o.a.j.t.JMeterThread: Thread is done: Add Visit Load 1-373
2026-08-04 21:52:05,038 INFO o.a.j.t.JMeterThread: Thread finished: Add Visit Load 1-373
2026-08-04 21:52:05,140 INFO o.a.j.t.JMeterThread: Thread is done: Add Visit Load 1-648
2026-08-04 21:52:05,140 INFO o.a.j.t.JMeterThread: Thread finished: Add Visit Load 1-648
2026-08-04 21:52:05,150 INFO o.a.j.t.JMeterThread: Thread is done: Add Visit Load 1-646
2026-08-04 21:52:05,150 INFO o.a.j.t.JMeterThread: Thread finished: Add Visit Load 1-646
2026-08-04 21:52:05,162 INFO o.a.j.t.JMeterThread: Thread is done: Add Visit Load 1-647
2026-08-04 21:52:05,162 INFO o.a.j.t.JMeterThread: Thread finished: Add Visit Load 1-647
2026-08-04 21:52:05,367 INFO o.a.j.t.JMeterThread: Thread is done: Add Visit Load 1-629
2026-08-04 21:52:05,367 INFO o.a.j.t.JMeterThread: Thread finished: Add Visit Load 1-629
2026-08-04 21:52:05,496 INFO o.a.j.t.JMeterThread: Thread is done: Add Visit Load 1-614
2026-08-04 21:52:05,496 INFO o.a.j.t.JMeterThread: Thread finished: Add Visit Load 1-614
2026-08-04 21:52:06,849 INFO o.a.j.t.JMeterThread: Thread is done: Add Visit Load 1-601
2026-08-04 21:52:06,849 INFO o.a.j.t.JMeterThread: Thread finished: Add Visit Load 1-601
2026-08-04 21:52:06,870 INFO o.a.j.t.JMeterThread: Thread is done: Add Visit Load 1-653
2026-08-04 21:52:06,870 INFO o.a.j.t.JMeterThread: Thread finished: Add Visit Load 1-653
2026-08-04 21:52:07,218 INFO o.a.j.t.JMeterThread: Thread is done: Add Visit Load 1-649
2026-08-04 21:52:07,218 INFO o.a.j.t.JMeterThread: Thread finished: Add Visit Load 1-649
2026-08-04 21:52:07,381 INFO o.a.j.t.JMeterThread: Thread is done: Add Visit Load 1-290
2026-08-04 21:52:07,381 INFO o.a.j.t.JMeterThread: Thread finished: Add Visit Load 1-290
2026-08-04 21:52:07,452 INFO o.a.j.t.JMeterThread: Thread is done: Add Visit Load 1-961
2026-08-04 21:52:07,452 INFO o.a.j.t.JMeterThread: Thread finished: Add Visit Load 1-961
2026-08-04 21:52:07,600 INFO o.a.j.t.JMeterThread: Thread is done: Add Visit Load 1-586
2026-08-04 21:52:07,601 INFO o.a.j.t.JMeterThread: Thread finished: Add Visit Load 1-586
2026-08-04 21:52:07,754 INFO o.a.j.t.JMeterThread: Thread is done: Add Visit Load 1-557
2026-08-04 21:52:07,754 INFO o.a.j.t.JMeterThread: Thread finished: Add Visit Load 1-557
2026-08-04 21:52:07,880 INFO o.a.j.t.JMeterThread: Thread is done: Add Visit Load 1-695
2026-08-04 21:52:07,880 INFO o.a.j.t.JMeterThread: Thread finished: Add Visit Load 1-695
2026-08-04 21:52:07,928 INFO o.a.j.t.JMeterThread: Thread is done: Add Visit Load 1-702
2026-08-04 21:52:07,928 INFO o.a.j.t.JMeterThread: Thread finished: Add Visit Load 1-702
2026-08-04 21:52:08,063 INFO o.a.j.t.JMeterThread: Thread is done: Add Visit Load 1-938
2026-08-04 21:52:08,063 INFO o.a.j.t.JMeterThread: Thread finished: Add Visit Load 1-938
2026-08-04 21:52:08,568 INFO o.a.j.t.JMeterThread: Thread is done: Add Visit Load 1-693
2026-08-04 21:52:08,568 INFO o.a.j.t.JMeterThread: Thread finished: Add Visit Load 1-693
2026-08-04 21:52:08,577 INFO o.a.j.t.JMeterThread: Thread is done: Add Visit Load 1-663
2026-08-04 21:52:08,577 INFO o.a.j.t.JMeterThread: Thread finished: Add Visit Load 1-663
2026-08-04 21:52:08,631 INFO o.a.j.t.JMeterThread: Thread is done: Add Visit Load 1-668
2026-08-04 21:52:08,631 INFO o.a.j.t.JMeterThread: Thread finished: Add Visit Load 1-668
2026-08-04 21:52:08,645 INFO o.a.j.t.JMeterThread: Thread is done: Add Visit Load 1-669
2026-08-04 21:52:08,645 INFO o.a.j.t.JMeterThread: Thread finished: Add Visit Load 1-669
2026-08-04 21:52:08,671 INFO o.a.j.t.JMeterThread: Thread is done: Add Visit Load 1-548
2026-08-04 21:52:08,671 INFO o.a.j.t.JMeterThread: Thread finished: Add Visit Load 1-548
2026-08-04 21:52:08,987 INFO o.a.j.t.JMeterThread: Thread is done: Add Visit Load 1-671
2026-08-04 21:52:08,987 INFO o.a.j.t.JMeterThread: Thread finished: Add Visit Load 1-671
2026-08-04 21:52:09,071 INFO o.a.j.t.JMeterThread: Thread is done: Add Visit Load 1-709
2026-08-04 21:52:09,071 INFO o.a.j.t.JMeterThread: Thread finished: Add Visit Load 1-709
2026-08-04 21:52:09,121 INFO o.a.j.t.JMeterThread: Thread is done: Add Visit Load 1-952
2026-08-04 21:52:09,121 INFO o.a.j.t.JMeterThread: Thread finished: Add Visit Load 1-952
2026-08-04 21:52:09,169 INFO o.a.j.t.JMeterThread: Thread is done: Add Visit Load 1-713
2026-08-04 21:52:09,170 INFO o.a.j.t.JMeterThread: Thread finished: Add Visit Load 1-713
2026-08-04 21:52:09,624 INFO o.a.j.t.JMeterThread: Thread is done: Add Visit Load 1-643
2026-08-04 21:52:09,624 INFO o.a.j.t.JMeterThread: Thread finished: Add Visit Load 1-643
2026-08-04 21:52:10,708 INFO o.a.j.t.JMeterThread: Thread is done: Add Visit Load 1-675
2026-08-04 21:52:10,708 INFO o.a.j.t.JMeterThread: Thread finished: Add Visit Load 1-675
2026-08-04 21:52:11,285 INFO o.a.j.t.JMeterThread: Thread is done: Add Visit Load 1-473
2026-08-04 21:52:11,285 INFO o.a.j.t.JMeterThread: Thread finished: Add Visit Load 1-473
2026-08-04 21:52:11,652 INFO o.a.j.t.JMeterThread: Thread is done: Add Visit Load 1-559
2026-08-04 21:52:11,652 INFO o.a.j.t.JMeterThread: Thread finished: Add Visit Load 1-559
2026-08-04 21:52:11,662 INFO o.a.j.t.JMeterThread: Thread is done: Add Visit Load 1-416
2026-08-04 21:52:11,662 INFO o.a.j.t.JMeterThread: Thread finished: Add Visit Load 1-416
2026-08-04 21:52:11,664 INFO o.a.j.t.JMeterThread: Thread is done: Add Visit Load 1-452
2026-08-04 21:52:11,664 INFO o.a.j.t.JMeterThread: Thread finished: Add Visit Load 1-452
2026-08-04 21:52:11,666 INFO o.a.j.t.JMeterThread: Thread is done: Add Visit Load 1-236
2026-08-04 21:52:11,666 INFO o.a.j.t.JMeterThread: Thread finished: Add Visit Load 1-236
2026-08-04 21:52:11,706 INFO o.a.j.t.JMeterThread: Thread is done: Add Visit Load 1-565
2026-08-04 21:52:11,706 INFO o.a.j.t.JMeterThread: Thread finished: Add Visit Load 1-565
2026-08-04 21:52:11,728 INFO o.a.j.t.JMeterThread: Thread is done: Add Visit Load 1-184
2026-08-04 21:52:11,728 INFO o.a.j.t.JMeterThread: Thread finished: Add Visit Load 1-184
2026-08-04 21:52:11,984 INFO o.a.j.t.JMeterThread: Thread is done: Add Visit Load 1-707
2026-08-04 21:52:11,984 INFO o.a.j.t.JMeterThread: Thread finished: Add Visit Load 1-707
2026-08-04 21:52:12,057 INFO o.a.j.t.JMeterThread: Thread is done: Add Visit Load 1-704
2026-08-04 21:52:12,057 INFO o.a.j.t.JMeterThread: Thread finished: Add Visit Load 1-704
2026-08-04 21:52:12,081 INFO o.a.j.t.JMeterThread: Thread is done: Add Visit Load 1-714
2026-08-04 21:52:12,081 INFO o.a.j.t.JMeterThread: Thread finished: Add Visit Load 1-714
2026-08-04 21:52:12,355 INFO o.a.j.t.JMeterThread: Thread is done: Add Visit Load 1-744
2026-08-04 21:52:12,355 INFO o.a.j.t.JMeterThread: Thread finished: Add Visit Load 1-744
2026-08-04 21:52:12,479 INFO o.a.j.t.JMeterThread: Thread is done: Add Visit Load 1-415
2026-08-04 21:52:12,479 INFO o.a.j.t.JMeterThread: Thread finished: Add Visit Load 1-415
2026-08-04 21:52:12,495 INFO o.a.j.t.JMeterThread: Thread is done: Add Visit Load 1-414
2026-08-04 21:52:12,495 INFO o.a.j.t.JMeterThread: Thread finished: Add Visit Load 1-414
2026-08-04 21:52:12,504 INFO o.a.j.t.JMeterThread: Thread is done: Add Visit Load 1-332
2026-08-04 21:52:12,504 INFO o.a.j.t.JMeterThread: Thread finished: Add Visit Load 1-332
2026-08-04 21:52:13,396 INFO o.a.j.t.JMeterThread: Thread is done: Add Visit Load 1-515
2026-08-04 21:52:13,396 INFO o.a.j.t.JMeterThread: Thread finished: Add Visit Load 1-515
2026-08-04 21:52:14,056 INFO o.a.j.t.JMeterThread: Thread is done: Add Visit Load 1-253
2026-08-04 21:52:14,056 INFO o.a.j.t.JMeterThread: Thread finished: Add Visit Load 1-253
2026-08-04 21:52:14,182 INFO o.a.j.t.JMeterThread: Thread is done: Add Visit Load 1-475
2026-08-04 21:52:14,182 INFO o.a.j.t.JMeterThread: Thread finished: Add Visit Load 1-475
2026-08-04 21:52:15,386 INFO o.a.j.t.JMeterThread: Thread is done: Add Visit Load 1-751
2026-08-04 21:52:15,386 INFO o.a.j.t.JMeterThread: Thread finished: Add Visit Load 1-751
2026-08-04 21:52:15,407 INFO o.a.j.t.JMeterThread: Thread is done: Add Visit Load 1-194
2026-08-04 21:52:15,407 INFO o.a.j.t.JMeterThread: Thread finished: Add Visit Load 1-194
2026-08-04 21:52:15,783 INFO o.a.j.t.JMeterThread: Thread is done: Add Visit Load 1-417
2026-08-04 21:52:15,783 INFO o.a.j.t.JMeterThread: Thread finished: Add Visit Load 1-417
2026-08-04 21:52:15,799 INFO o.a.j.t.JMeterThread: Thread is done: Add Visit Load 1-504
2026-08-04 21:52:15,799 INFO o.a.j.t.JMeterThread: Thread finished: Add Visit Load 1-504
2026-08-04 21:52:15,863 INFO o.a.j.t.JMeterThread: Thread is done: Add Visit Load 1-486
2026-08-04 21:52:15,863 INFO o.a.j.t.JMeterThread: Thread finished: Add Visit Load 1-486
2026-08-04 21:52:15,892 INFO o.a.j.t.JMeterThread: Thread is done: Add Visit Load 1-482
2026-08-04 21:52:15,892 INFO o.a.j.t.JMeterThread: Thread finished: Add Visit Load 1-482
2026-08-04 21:52:15,892 INFO o.a.j.t.JMeterThread: Thread is done: Add Visit Load 1-766
2026-08-04 21:52:15,892 INFO o.a.j.t.JMeterThread: Thread finished: Add Visit Load 1-766
2026-08-04 21:52:17,091 INFO o.a.j.t.JMeterThread: Thread is done: Add Visit Load 1-195
2026-08-04 21:52:17,091 INFO o.a.j.t.JMeterThread: Thread finished: Add Visit Load 1-195
2026-08-04 21:52:17,940 INFO o.a.j.t.JMeterThread: Thread is done: Add Visit Load 1-501
2026-08-04 21:52:17,940 INFO o.a.j.t.JMeterThread: Thread finished: Add Visit Load 1-501
2026-08-04 21:52:19,606 INFO o.a.j.t.JMeterThread: Thread is done: Add Visit Load 1-823
2026-08-04 21:52:19,606 INFO o.a.j.t.JMeterThread: Thread finished: Add Visit Load 1-823
2026-08-04 21:52:22,164 INFO o.a.j.t.JMeterThread: Thread is done: Add Visit Load 1-553
2026-08-04 21:52:22,164 INFO o.a.j.t.JMeterThread: Thread finished: Add Visit Load 1-553
2026-08-04 21:52:23,419 INFO o.a.j.t.JMeterThread: Thread is done: Add Visit Load 1-534
2026-08-04 21:52:23,419 INFO o.a.j.t.JMeterThread: Thread finished: Add Visit Load 1-534
2026-08-04 21:52:24,564 INFO o.a.j.t.JMeterThread: Thread is done: Add Visit Load 1-871
2026-08-04 21:52:24,564 INFO o.a.j.t.JMeterThread: Thread finished: Add Visit Load 1-871
2026-08-04 21:52:24,737 INFO o.a.j.t.JMeterThread: Thread is done: Add Visit Load 1-436
2026-08-04 21:52:24,737 INFO o.a.j.t.JMeterThread: Thread finished: Add Visit Load 1-436
2026-08-04 21:52:24,953 INFO o.a.j.t.JMeterThread: Thread is done: Add Visit Load 1-883
2026-08-04 21:52:24,953 INFO o.a.j.t.JMeterThread: Thread finished: Add Visit Load 1-883
2026-08-04 21:52:25,685 INFO o.a.j.t.JMeterThread: Thread is done: Add Visit Load 1-413
2026-08-04 21:52:25,685 INFO o.a.j.t.JMeterThread: Thread finished: Add Visit Load 1-413
2026-08-04 21:52:25,987 INFO o.a.j.t.JMeterThread: Thread is done: Add Visit Load 1-48
2026-08-04 21:52:25,987 INFO o.a.j.t.JMeterThread: Thread finished: Add Visit Load 1-48
2026-08-04 21:52:29,261 INFO o.a.j.t.JMeterThread: Thread is done: Add Visit Load 1-630
2026-08-04 21:52:29,261 INFO o.a.j.t.JMeterThread: Thread finished: Add Visit Load 1-630
2026-08-04 21:52:30,399 INFO o.a.j.r.Summariser: summary +    133 in 00:00:29 =    4.7/s Avg: 47747 Min:   215 Max: 146037 Err:    74 (55.64%) Active: 108 Started: 1000 Finished: 892
2026-08-04 21:52:30,399 INFO o.a.j.r.Summariser: summary =   1802 in 00:02:39 =   11.4/s Avg: 15122 Min:   215 Max: 146037 Err:   918 (50.94%)
2026-08-04 21:52:30,638 INFO o.a.j.t.JMeterThread: Thread is done: Add Visit Load 1-153
2026-08-04 21:52:30,640 INFO o.a.j.t.JMeterThread: Thread finished: Add Visit Load 1-153
2026-08-04 21:52:30,803 INFO o.a.j.t.JMeterThread: Thread is done: Add Visit Load 1-165
2026-08-04 21:52:30,803 INFO o.a.j.t.JMeterThread: Thread finished: Add Visit Load 1-165
2026-08-04 21:52:31,205 INFO o.a.j.t.JMeterThread: Thread is done: Add Visit Load 1-252
2026-08-04 21:52:31,205 INFO o.a.j.t.JMeterThread: Thread finished: Add Visit Load 1-252
2026-08-04 21:52:31,209 INFO o.a.j.t.JMeterThread: Thread is done: Add Visit Load 1-843
2026-08-04 21:52:31,209 INFO o.a.j.t.JMeterThread: Thread finished: Add Visit Load 1-843
2026-08-04 21:52:31,229 INFO o.a.j.t.JMeterThread: Thread is done: Add Visit Load 1-602
2026-08-04 21:52:31,229 INFO o.a.j.t.JMeterThread: Thread finished: Add Visit Load 1-602
2026-08-04 21:52:31,989 INFO o.a.j.t.JMeterThread: Thread is done: Add Visit Load 1-941
2026-08-04 21:52:31,989 INFO o.a.j.t.JMeterThread: Thread finished: Add Visit Load 1-941
2026-08-04 21:52:32,861 INFO o.a.j.t.JMeterThread: Thread is done: Add Visit Load 1-609
2026-08-04 21:52:32,861 INFO o.a.j.t.JMeterThread: Thread finished: Add Visit Load 1-609
2026-08-04 21:52:33,005 INFO o.a.j.t.JMeterThread: Thread is done: Add Visit Load 1-542
2026-08-04 21:52:33,005 INFO o.a.j.t.JMeterThread: Thread finished: Add Visit Load 1-542
2026-08-04 21:52:33,052 INFO o.a.j.t.JMeterThread: Thread is done: Add Visit Load 1-674
2026-08-04 21:52:33,052 INFO o.a.j.t.JMeterThread: Thread finished: Add Visit Load 1-674
2026-08-04 21:52:33,333 INFO o.a.j.t.JMeterThread: Thread is done: Add Visit Load 1-685
2026-08-04 21:52:33,333 INFO o.a.j.t.JMeterThread: Thread finished: Add Visit Load 1-685
2026-08-04 21:52:34,047 INFO o.a.j.t.JMeterThread: Thread is done: Add Visit Load 1-166
2026-08-04 21:52:34,047 INFO o.a.j.t.JMeterThread: Thread finished: Add Visit Load 1-166
2026-08-04 21:52:34,053 INFO o.a.j.t.JMeterThread: Thread is done: Add Visit Load 1-142
2026-08-04 21:52:34,053 INFO o.a.j.t.JMeterThread: Thread finished: Add Visit Load 1-142
2026-08-04 21:52:34,058 INFO o.a.j.t.JMeterThread: Thread is done: Add Visit Load 1-177
2026-08-04 21:52:34,058 INFO o.a.j.t.JMeterThread: Thread finished: Add Visit Load 1-177
2026-08-04 21:52:34,354 INFO o.a.j.t.JMeterThread: Thread is done: Add Visit Load 1-178
2026-08-04 21:52:34,354 INFO o.a.j.t.JMeterThread: Thread finished: Add Visit Load 1-178
2026-08-04 21:52:34,722 INFO o.a.j.t.JMeterThread: Thread is done: Add Visit Load 1-219
2026-08-04 21:52:34,722 INFO o.a.j.t.JMeterThread: Thread finished: Add Visit Load 1-219
2026-08-04 21:52:34,863 INFO o.a.j.t.JMeterThread: Thread is done: Add Visit Load 1-189
2026-08-04 21:52:34,863 INFO o.a.j.t.JMeterThread: Thread finished: Add Visit Load 1-189
2026-08-04 21:52:35,742 INFO o.a.j.t.JMeterThread: Thread is done: Add Visit Load 1-205
2026-08-04 21:52:35,742 INFO o.a.j.t.JMeterThread: Thread finished: Add Visit Load 1-205
2026-08-04 21:52:35,864 INFO o.a.j.t.JMeterThread: Thread is done: Add Visit Load 1-731
2026-08-04 21:52:35,864 INFO o.a.j.t.JMeterThread: Thread finished: Add Visit Load 1-731
2026-08-04 21:52:35,924 INFO o.a.j.t.JMeterThread: Thread is done: Add Visit Load 1-134
2026-08-04 21:52:35,924 INFO o.a.j.t.JMeterThread: Thread finished: Add Visit Load 1-134
2026-08-04 21:52:35,926 INFO o.a.j.t.JMeterThread: Thread is done: Add Visit Load 1-133
2026-08-04 21:52:35,926 INFO o.a.j.t.JMeterThread: Thread finished: Add Visit Load 1-133
2026-08-04 21:52:36,228 INFO o.a.j.t.JMeterThread: Thread is done: Add Visit Load 1-208
2026-08-04 21:52:36,228 INFO o.a.j.t.JMeterThread: Thread finished: Add Visit Load 1-208
2026-08-04 21:52:36,371 INFO o.a.j.t.JMeterThread: Thread is done: Add Visit Load 1-197
2026-08-04 21:52:36,371 INFO o.a.j.t.JMeterThread: Thread finished: Add Visit Load 1-197
2026-08-04 21:52:36,387 INFO o.a.j.t.JMeterThread: Thread is done: Add Visit Load 1-785
2026-08-04 21:52:36,387 INFO o.a.j.t.JMeterThread: Thread finished: Add Visit Load 1-785
2026-08-04 21:52:37,464 INFO o.a.j.t.JMeterThread: Thread is done: Add Visit Load 1-146
2026-08-04 21:52:37,465 INFO o.a.j.t.JMeterThread: Thread finished: Add Visit Load 1-146
2026-08-04 21:52:38,297 INFO o.a.j.t.JMeterThread: Thread is done: Add Visit Load 1-164
2026-08-04 21:52:38,297 INFO o.a.j.t.JMeterThread: Thread finished: Add Visit Load 1-164
2026-08-04 21:52:38,310 INFO o.a.j.t.JMeterThread: Thread is done: Add Visit Load 1-149
2026-08-04 21:52:38,310 INFO o.a.j.t.JMeterThread: Thread finished: Add Visit Load 1-149
2026-08-04 21:52:38,446 INFO o.a.j.t.JMeterThread: Thread is done: Add Visit Load 1-686
2026-08-04 21:52:38,446 INFO o.a.j.t.JMeterThread: Thread finished: Add Visit Load 1-686
2026-08-04 21:52:39,189 INFO o.a.j.t.JMeterThread: Thread is done: Add Visit Load 1-182
2026-08-04 21:52:39,189 INFO o.a.j.t.JMeterThread: Thread finished: Add Visit Load 1-182
2026-08-04 21:52:39,274 INFO o.a.j.t.JMeterThread: Thread is done: Add Visit Load 1-185
2026-08-04 21:52:39,274 INFO o.a.j.t.JMeterThread: Thread finished: Add Visit Load 1-185
2026-08-04 21:52:40,021 INFO o.a.j.t.JMeterThread: Thread is done: Add Visit Load 1-129
2026-08-04 21:52:40,021 INFO o.a.j.t.JMeterThread: Thread finished: Add Visit Load 1-129
2026-08-04 21:52:40,992 INFO o.a.j.t.JMeterThread: Thread is done: Add Visit Load 1-286
2026-08-04 21:52:40,992 INFO o.a.j.t.JMeterThread: Thread finished: Add Visit Load 1-286
2026-08-04 21:52:41,046 INFO o.a.j.t.JMeterThread: Thread is done: Add Visit Load 1-280
2026-08-04 21:52:41,046 INFO o.a.j.t.JMeterThread: Thread finished: Add Visit Load 1-280
2026-08-04 21:52:41,416 INFO o.a.j.t.JMeterThread: Thread is done: Add Visit Load 1-257
2026-08-04 21:52:41,417 INFO o.a.j.t.JMeterThread: Thread finished: Add Visit Load 1-257
2026-08-04 21:52:41,844 INFO o.a.j.t.JMeterThread: Thread is done: Add Visit Load 1-216
2026-08-04 21:52:41,844 INFO o.a.j.t.JMeterThread: Thread finished: Add Visit Load 1-216
2026-08-04 21:52:42,315 INFO o.a.j.t.JMeterThread: Thread is done: Add Visit Load 1-140
2026-08-04 21:52:42,315 INFO o.a.j.t.JMeterThread: Thread finished: Add Visit Load 1-140
2026-08-04 21:52:42,824 INFO o.a.j.t.JMeterThread: Thread is done: Add Visit Load 1-135
2026-08-04 21:52:42,824 INFO o.a.j.t.JMeterThread: Thread finished: Add Visit Load 1-135
2026-08-04 21:52:42,998 INFO o.a.j.t.JMeterThread: Thread is done: Add Visit Load 1-148
2026-08-04 21:52:42,998 INFO o.a.j.t.JMeterThread: Thread finished: Add Visit Load 1-148
2026-08-04 21:52:43,095 INFO o.a.j.t.JMeterThread: Thread is done: Add Visit Load 1-285
2026-08-04 21:52:43,095 INFO o.a.j.t.JMeterThread: Thread finished: Add Visit Load 1-285
2026-08-04 21:52:43,140 INFO o.a.j.t.JMeterThread: Thread is done: Add Visit Load 1-791
2026-08-04 21:52:43,140 INFO o.a.j.t.JMeterThread: Thread finished: Add Visit Load 1-791
2026-08-04 21:52:43,307 INFO o.a.j.t.JMeterThread: Thread is done: Add Visit Load 1-228
2026-08-04 21:52:43,307 INFO o.a.j.t.JMeterThread: Thread finished: Add Visit Load 1-228
2026-08-04 21:52:44,504 INFO o.a.j.t.JMeterThread: Thread is done: Add Visit Load 1-288
2026-08-04 21:52:44,504 INFO o.a.j.t.JMeterThread: Thread finished: Add Visit Load 1-288
2026-08-04 21:52:46,194 INFO o.a.j.t.JMeterThread: Thread is done: Add Visit Load 1-217
2026-08-04 21:52:46,194 INFO o.a.j.t.JMeterThread: Thread finished: Add Visit Load 1-217
2026-08-04 21:52:46,686 INFO o.a.j.t.JMeterThread: Thread is done: Add Visit Load 1-204
2026-08-04 21:52:46,686 INFO o.a.j.t.JMeterThread: Thread finished: Add Visit Load 1-204
2026-08-04 21:52:47,620 INFO o.a.j.t.JMeterThread: Thread is done: Add Visit Load 1-284
2026-08-04 21:52:47,620 INFO o.a.j.t.JMeterThread: Thread finished: Add Visit Load 1-284
2026-08-04 21:52:48,503 INFO o.a.j.t.JMeterThread: Thread is done: Add Visit Load 1-357
2026-08-04 21:52:48,503 INFO o.a.j.t.JMeterThread: Thread finished: Add Visit Load 1-357
2026-08-04 21:52:49,788 INFO o.a.j.t.JMeterThread: Thread is done: Add Visit Load 1-347
2026-08-04 21:52:49,788 INFO o.a.j.t.JMeterThread: Thread finished: Add Visit Load 1-347
2026-08-04 21:52:50,619 INFO o.a.j.t.JMeterThread: Thread is done: Add Visit Load 1-151
2026-08-04 21:52:50,619 INFO o.a.j.t.JMeterThread: Thread finished: Add Visit Load 1-151
2026-08-04 21:52:52,612 INFO o.a.j.t.JMeterThread: Thread is done: Add Visit Load 1-260
2026-08-04 21:52:52,612 INFO o.a.j.t.JMeterThread: Thread finished: Add Visit Load 1-260
2026-08-04 21:52:52,831 INFO o.a.j.t.JMeterThread: Thread is done: Add Visit Load 1-275
2026-08-04 21:52:52,831 INFO o.a.j.t.JMeterThread: Thread finished: Add Visit Load 1-275
2026-08-04 21:52:52,884 INFO o.a.j.t.JMeterThread: Thread is done: Add Visit Load 1-343
2026-08-04 21:52:52,884 INFO o.a.j.t.JMeterThread: Thread finished: Add Visit Load 1-343
2026-08-04 21:52:55,156 INFO o.a.j.t.JMeterThread: Thread is done: Add Visit Load 1-394
2026-08-04 21:52:55,156 INFO o.a.j.t.JMeterThread: Thread finished: Add Visit Load 1-394
2026-08-04 21:52:57,943 INFO o.a.j.t.JMeterThread: Thread is done: Add Visit Load 1-360
2026-08-04 21:52:57,943 INFO o.a.j.t.JMeterThread: Thread finished: Add Visit Load 1-360
2026-08-04 21:52:58,049 INFO o.a.j.t.JMeterThread: Thread is done: Add Visit Load 1-361
2026-08-04 21:52:58,049 INFO o.a.j.t.JMeterThread: Thread finished: Add Visit Load 1-361
2026-08-04 21:52:58,740 INFO o.a.j.t.JMeterThread: Thread is done: Add Visit Load 1-342
2026-08-04 21:52:58,740 INFO o.a.j.t.JMeterThread: Thread finished: Add Visit Load 1-342
2026-08-04 21:52:58,783 INFO o.a.j.t.JMeterThread: Thread is done: Add Visit Load 1-223
2026-08-04 21:52:58,783 INFO o.a.j.t.JMeterThread: Thread finished: Add Visit Load 1-223
2026-08-04 21:53:00,327 INFO o.a.j.r.Summariser: summary +    100 in 00:00:30 =    3.3/s Avg: 76770 Min:   221 Max: 161035 Err:    56 (56.00%) Active: 53 Started: 1000 Finished: 947
2026-08-04 21:53:00,327 INFO o.a.j.r.Summariser: summary =   1902 in 00:03:09 =   10.1/s Avg: 18363 Min:   215 Max: 161035 Err:   974 (51.21%)
2026-08-04 21:53:00,327 INFO o.a.j.t.JMeterThread: Thread is done: Add Visit Load 1-307
2026-08-04 21:53:00,327 INFO o.a.j.t.JMeterThread: Thread finished: Add Visit Load 1-307
2026-08-04 21:53:01,464 INFO o.a.j.t.JMeterThread: Thread is done: Add Visit Load 1-279
2026-08-04 21:53:01,464 INFO o.a.j.t.JMeterThread: Thread finished: Add Visit Load 1-279
2026-08-04 21:53:03,189 INFO o.a.j.t.JMeterThread: Thread is done: Add Visit Load 1-225
2026-08-04 21:53:03,189 INFO o.a.j.t.JMeterThread: Thread finished: Add Visit Load 1-225
2026-08-04 21:53:03,587 INFO o.a.j.t.JMeterThread: Thread is done: Add Visit Load 1-250
2026-08-04 21:53:03,587 INFO o.a.j.t.JMeterThread: Thread finished: Add Visit Load 1-250
2026-08-04 21:53:04,883 INFO o.a.j.t.JMeterThread: Thread is done: Add Visit Load 1-502
2026-08-04 21:53:04,883 INFO o.a.j.t.JMeterThread: Thread finished: Add Visit Load 1-502
2026-08-04 21:53:07,760 INFO o.a.j.t.JMeterThread: Thread is done: Add Visit Load 1-575
2026-08-04 21:53:07,760 INFO o.a.j.t.JMeterThread: Thread finished: Add Visit Load 1-575
2026-08-04 21:53:09,170 INFO o.a.j.t.JMeterThread: Thread is done: Add Visit Load 1-518
2026-08-04 21:53:09,170 INFO o.a.j.t.JMeterThread: Thread finished: Add Visit Load 1-518
2026-08-04 21:53:09,710 INFO o.a.j.t.JMeterThread: Thread is done: Add Visit Load 1-526
2026-08-04 21:53:09,710 INFO o.a.j.t.JMeterThread: Thread finished: Add Visit Load 1-526
2026-08-04 21:53:10,895 INFO o.a.j.t.JMeterThread: Thread is done: Add Visit Load 1-437
2026-08-04 21:53:10,895 INFO o.a.j.t.JMeterThread: Thread finished: Add Visit Load 1-437
2026-08-04 21:53:12,745 INFO o.a.j.t.JMeterThread: Thread is done: Add Visit Load 1-608
2026-08-04 21:53:12,745 INFO o.a.j.t.JMeterThread: Thread finished: Add Visit Load 1-608
2026-08-04 21:53:12,789 INFO o.a.j.t.JMeterThread: Thread is done: Add Visit Load 1-340
2026-08-04 21:53:12,789 INFO o.a.j.t.JMeterThread: Thread finished: Add Visit Load 1-340
2026-08-04 21:53:18,407 INFO o.a.j.t.JMeterThread: Thread is done: Add Visit Load 1-488
2026-08-04 21:53:18,407 INFO o.a.j.t.JMeterThread: Thread finished: Add Visit Load 1-488
2026-08-04 21:53:18,418 INFO o.a.j.t.JMeterThread: Thread is done: Add Visit Load 1-254
2026-08-04 21:53:18,418 INFO o.a.j.t.JMeterThread: Thread finished: Add Visit Load 1-254
2026-08-04 21:53:20,704 INFO o.a.j.t.JMeterThread: Thread is done: Add Visit Load 1-293
2026-08-04 21:53:20,704 INFO o.a.j.t.JMeterThread: Thread finished: Add Visit Load 1-293
2026-08-04 21:53:20,779 INFO o.a.j.t.JMeterThread: Thread is done: Add Visit Load 1-699
2026-08-04 21:53:20,779 INFO o.a.j.t.JMeterThread: Thread finished: Add Visit Load 1-699
2026-08-04 21:53:27,083 INFO o.a.j.t.JMeterThread: Thread is done: Add Visit Load 1-389
2026-08-04 21:53:27,083 INFO o.a.j.t.JMeterThread: Thread finished: Add Visit Load 1-389
2026-08-04 21:53:30,247 INFO o.a.j.r.Summariser: summary +     29 in 00:00:30 =    1.0/s Avg: 88905 Min:   222 Max: 184927 Err:    15 (51.72%) Active: 37 Started: 1000 Finished: 963
2026-08-04 21:53:30,247 INFO o.a.j.r.Summariser: summary =   1931 in 00:03:39 =    8.8/s Avg: 19423 Min:   215 Max: 184927 Err:   989 (51.22%)
2026-08-04 21:53:30,834 INFO o.a.j.t.JMeterThread: Thread is done: Add Visit Load 1-371
2026-08-04 21:53:30,834 INFO o.a.j.t.JMeterThread: Thread finished: Add Visit Load 1-371
2026-08-04 21:53:31,402 INFO o.a.j.t.JMeterThread: Thread is done: Add Visit Load 1-261
2026-08-04 21:53:31,402 INFO o.a.j.t.JMeterThread: Thread finished: Add Visit Load 1-261
2026-08-04 21:53:33,973 INFO o.a.j.t.JMeterThread: Thread is done: Add Visit Load 1-241
2026-08-04 21:53:33,973 INFO o.a.j.t.JMeterThread: Thread finished: Add Visit Load 1-241
2026-08-04 21:53:34,092 INFO o.a.j.t.JMeterThread: Thread is done: Add Visit Load 1-282
2026-08-04 21:53:34,092 INFO o.a.j.t.JMeterThread: Thread finished: Add Visit Load 1-282
2026-08-04 21:53:35,870 INFO o.a.j.t.JMeterThread: Thread is done: Add Visit Load 1-657
2026-08-04 21:53:35,870 INFO o.a.j.t.JMeterThread: Thread finished: Add Visit Load 1-657
2026-08-04 21:53:38,179 INFO o.a.j.t.JMeterThread: Thread is done: Add Visit Load 1-329
2026-08-04 21:53:38,179 INFO o.a.j.t.JMeterThread: Thread finished: Add Visit Load 1-329
2026-08-04 21:53:39,493 INFO o.a.j.t.JMeterThread: Thread is done: Add Visit Load 1-311
2026-08-04 21:53:39,493 INFO o.a.j.t.JMeterThread: Thread finished: Add Visit Load 1-311
2026-08-04 21:53:39,552 INFO o.a.j.t.JMeterThread: Thread is done: Add Visit Load 1-312
2026-08-04 21:53:39,552 INFO o.a.j.t.JMeterThread: Thread finished: Add Visit Load 1-312
2026-08-04 21:53:39,922 INFO o.a.j.t.JMeterThread: Thread is done: Add Visit Load 1-331
2026-08-04 21:53:39,922 INFO o.a.j.t.JMeterThread: Thread finished: Add Visit Load 1-331
2026-08-04 21:53:41,694 INFO o.a.j.t.JMeterThread: Thread is done: Add Visit Load 1-771
2026-08-04 21:53:41,694 INFO o.a.j.t.JMeterThread: Thread finished: Add Visit Load 1-771
2026-08-04 21:53:47,948 INFO o.a.j.t.JMeterThread: Thread is done: Add Visit Load 1-366
2026-08-04 21:53:47,948 INFO o.a.j.t.JMeterThread: Thread finished: Add Visit Load 1-366
2026-08-04 21:53:50,136 INFO o.a.j.t.JMeterThread: Thread is done: Add Visit Load 1-471
2026-08-04 21:53:50,136 INFO o.a.j.t.JMeterThread: Thread finished: Add Visit Load 1-471
2026-08-04 21:53:55,157 INFO o.a.j.t.JMeterThread: Thread is done: Add Visit Load 1-499
2026-08-04 21:53:55,157 INFO o.a.j.t.JMeterThread: Thread finished: Add Visit Load 1-499
2026-08-04 21:53:55,620 INFO o.a.j.t.JMeterThread: Thread is done: Add Visit Load 1-465
2026-08-04 21:53:55,620 INFO o.a.j.t.JMeterThread: Thread finished: Add Visit Load 1-465
2026-08-04 21:53:59,986 INFO o.a.j.t.JMeterThread: Thread is done: Add Visit Load 1-531
2026-08-04 21:53:59,986 INFO o.a.j.t.JMeterThread: Thread finished: Add Visit Load 1-531
2026-08-04 21:54:00,037 INFO o.a.j.r.Summariser: summary +     28 in 00:00:30 =    0.9/s Avg: 110614 Min:   222 Max: 201782 Err:    16 (57.14%) Active: 22 Started: 1000 Finished: 978
2026-08-04 21:54:00,037 INFO o.a.j.r.Summariser: summary =   1959 in 00:04:08 =    7.9/s Avg: 20726 Min:   215 Max: 201782 Err:  1005 (51.30%)
2026-08-04 21:54:00,037 INFO o.a.j.t.JMeterThread: Thread is done: Add Visit Load 1-530
2026-08-04 21:54:00,037 INFO o.a.j.t.JMeterThread: Thread finished: Add Visit Load 1-530
2026-08-04 21:54:00,158 INFO o.a.j.t.JMeterThread: Thread is done: Add Visit Load 1-513
2026-08-04 21:54:00,158 INFO o.a.j.t.JMeterThread: Thread finished: Add Visit Load 1-513
2026-08-04 21:54:00,845 INFO o.a.j.t.JMeterThread: Thread is done: Add Visit Load 1-533
2026-08-04 21:54:00,845 INFO o.a.j.t.JMeterThread: Thread finished: Add Visit Load 1-533
2026-08-04 21:54:29,163 INFO o.a.j.t.JMeterThread: Thread is done: Add Visit Load 1-882
2026-08-04 21:54:29,163 INFO o.a.j.t.JMeterThread: Thread finished: Add Visit Load 1-882
2026-08-04 21:54:48,877 INFO o.a.j.t.JMeterThread: Thread is done: Add Visit Load 1-278
2026-08-04 21:54:48,877 INFO o.a.j.t.JMeterThread: Thread finished: Add Visit Load 1-278
2026-08-04 21:54:49,377 INFO o.a.j.t.JMeterThread: Thread is done: Add Visit Load 1-222
2026-08-04 21:54:49,377 INFO o.a.j.t.JMeterThread: Thread finished: Add Visit Load 1-222
2026-08-04 21:55:02,289 INFO o.a.j.r.Summariser: summary +     10 in 00:01:02 =    0.2/s Avg: 123293 Min:   234 Max: 284305 Err:     5 (50.00%) Active: 16 Started: 1000 Finished: 984
2026-08-04 21:55:02,289 INFO o.a.j.r.Summariser: summary =   1969 in 00:05:11 =    6.3/s Avg: 21247 Min:   215 Max: 284305 Err:  1010 (51.30%)
2026-08-04 21:55:02,603 INFO o.a.j.t.JMeterThread: Thread is done: Add Visit Load 1-289
2026-08-04 21:55:02,603 INFO o.a.j.t.JMeterThread: Thread finished: Add Visit Load 1-289
2026-08-04 21:55:02,637 INFO o.a.j.t.JMeterThread: Thread is done: Add Visit Load 1-352
2026-08-04 21:55:02,637 INFO o.a.j.t.JMeterThread: Thread finished: Add Visit Load 1-352
2026-08-04 21:55:02,650 INFO o.a.j.t.JMeterThread: Thread is done: Add Visit Load 1-358
2026-08-04 21:55:02,650 INFO o.a.j.t.JMeterThread: Thread finished: Add Visit Load 1-358
2026-08-04 21:55:03,447 INFO o.a.j.t.JMeterThread: Thread is done: Add Visit Load 1-321
2026-08-04 21:55:03,447 INFO o.a.j.t.JMeterThread: Thread finished: Add Visit Load 1-321
2026-08-04 21:55:16,363 INFO o.a.j.t.JMeterThread: Thread is done: Add Visit Load 1-644
2026-08-04 21:55:16,363 INFO o.a.j.t.JMeterThread: Thread finished: Add Visit Load 1-644
2026-08-04 21:55:44,663 INFO o.a.j.t.JMeterThread: Thread is done: Add Visit Load 1-196
2026-08-04 21:55:44,663 INFO o.a.j.t.JMeterThread: Thread finished: Add Visit Load 1-196
2026-08-04 21:55:45,231 INFO o.a.j.t.JMeterThread: Thread is done: Add Visit Load 1-220
2026-08-04 21:55:45,232 INFO o.a.j.t.JMeterThread: Thread finished: Add Visit Load 1-220
2026-08-04 21:56:11,485 INFO o.a.j.t.JMeterThread: Thread is done: Add Visit Load 1-517
2026-08-04 21:56:11,485 INFO o.a.j.t.JMeterThread: Thread finished: Add Visit Load 1-517
2026-08-04 21:56:38,652 INFO o.a.j.t.JMeterThread: Thread is done: Add Visit Load 1-89
2026-08-04 21:56:38,652 INFO o.a.j.t.JMeterThread: Thread finished: Add Visit Load 1-89
2026-08-04 21:57:47,031 INFO o.a.j.t.JMeterThread: Thread is done: Add Visit Load 1-328
2026-08-04 21:57:47,031 INFO o.a.j.t.JMeterThread: Thread finished: Add Visit Load 1-328
2026-08-04 21:57:47,055 INFO o.a.j.t.JMeterThread: Thread is done: Add Visit Load 1-319
2026-08-04 21:57:47,055 INFO o.a.j.t.JMeterThread: Thread finished: Add Visit Load 1-319
2026-08-04 21:57:47,134 INFO o.a.j.t.JMeterThread: Thread is done: Add Visit Load 1-243
2026-08-04 21:57:47,134 INFO o.a.j.t.JMeterThread: Thread finished: Add Visit Load 1-243
2026-08-04 21:57:47,157 INFO o.a.j.t.JMeterThread: Thread is done: Add Visit Load 1-318
2026-08-04 21:57:47,157 INFO o.a.j.t.JMeterThread: Thread finished: Add Visit Load 1-318
2026-08-04 21:57:47,279 INFO o.a.j.t.JMeterThread: Thread is done: Add Visit Load 1-339
2026-08-04 21:57:47,280 INFO o.a.j.t.JMeterThread: Thread finished: Add Visit Load 1-339
2026-08-04 21:57:47,343 INFO o.a.j.t.JMeterThread: Thread is done: Add Visit Load 1-330
2026-08-04 21:57:47,343 INFO o.a.j.t.JMeterThread: Thread finished: Add Visit Load 1-330
